dataset,format,n,dim,target_k,algorithm,mode,threads,status,edge_time,sort_time,mst_time,replay_time,total_time,merges,runtime_wall,error
../dataset/UCI/banknote.csv,csv,1372,4,2,kruskal,seq,1,ok,0.00797381,0.0596433,0.00024669,0,0.067864,1370,0.073581,
../dataset/UCI/banknote.csv,csv,1372,4,2,boruvka,seq,1,ok,0,0,0.0265445,0.000100254,0.0266449,1370,0.032459,
../dataset/UCI/banknote.csv,csv,1372,4,2,kruskal,par,1,ok,0.00633648,0.0570745,0.000232063,0,0.0636433,1370,0.069268,
../dataset/UCI/banknote.csv,csv,1372,4,2,boruvka,par,1,ok,0,0,0.01803,6.7631e-05,0.0180978,1370,0.023781,
../dataset/UCI/banknote.csv,csv,1372,4,2,kruskal,par,2,ok,0.00505108,0.0582888,0.000238141,0,0.0635783,1370,0.068591,
../dataset/UCI/banknote.csv,csv,1372,4,2,boruvka,par,2,ok,0,0,0.0152894,7.2762e-05,0.0153623,1370,0.020806,
../dataset/UCI/banknote.csv,csv,1372,4,2,kruskal,par,4,ok,0.00418416,0.0557699,0.000234848,0,0.0601891,1370,0.065264,
../dataset/UCI/banknote.csv,csv,1372,4,2,boruvka,par,4,ok,0,0,0.00986113,7.5154e-05,0.00993641,1370,0.014586,
../dataset/UCI/banknote.csv,csv,1372,4,2,kruskal,par,8,ok,0.0034983,0.0587503,0.000235426,0,0.0624841,1370,0.067779,
../dataset/UCI/banknote.csv,csv,1372,4,2,boruvka,par,8,ok,0,0,0.00715081,7.5514e-05,0.00722646,1370,0.013760,
../dataset/UCI/biodeg.csv,csv,1055,41,2,kruskal,seq,1,ok,0.0087021,0.0356269,0.00123504,0,0.0455642,1053,0.052003,
../dataset/UCI/biodeg.csv,csv,1055,41,2,boruvka,seq,1,ok,0,0,0.0427293,5.9423e-05,0.0427889,1053,0.052716,
../dataset/UCI/biodeg.csv,csv,1055,41,2,kruskal,par,1,ok,0.00745479,0.0314463,0.00113083,0,0.0400321,1053,0.045598,
../dataset/UCI/biodeg.csv,csv,1055,41,2,boruvka,par,1,ok,0,0,0.0359613,5.1054e-05,0.0360124,1053,0.041579,
../dataset/UCI/biodeg.csv,csv,1055,41,2,kruskal,par,2,ok,0.00661914,0.0354944,0.00115966,0,0.0432733,1053,0.051363,
../dataset/UCI/biodeg.csv,csv,1055,41,2,boruvka,par,2,ok,0,0,0.0310474,5.548e-05,0.031103,1053,0.037827,
../dataset/UCI/biodeg.csv,csv,1055,41,2,kruskal,par,4,ok,0.00560496,0.033852,0.00115832,0,0.0406154,1053,0.050894,
../dataset/UCI/biodeg.csv,csv,1055,41,2,boruvka,par,4,ok,0,0,0.0225706,5.9677e-05,0.0226304,1053,0.030359,
../dataset/UCI/biodeg.csv,csv,1055,41,2,kruskal,par,8,ok,0.00419472,0.0365403,0.00116566,0,0.0419008,1053,0.049293,
../dataset/UCI/biodeg.csv,csv,1055,41,2,boruvka,par,8,ok,0,0,0.0127688,5.9607e-05,0.0128286,1053,0.020427,
../dataset/UCI/ecoli.csv,csv,336,7,8,kruskal,seq,1,ok,0.000664242,0.00342685,0.00018435,0,0.00427576,328,0.007512,
../dataset/UCI/ecoli.csv,csv,336,7,8,boruvka,seq,1,ok,0,0,0.0013863,1.9705e-05,0.00140612,328,0.004062,
../dataset/UCI/ecoli.csv,csv,336,7,8,kruskal,par,1,ok,0.00069359,0.00288628,4.3221e-05,0,0.00362327,328,0.008634,
../dataset/UCI/ecoli.csv,csv,336,7,8,boruvka,par,1,ok,0,0,0.00119941,1.6407e-05,0.00121594,328,0.004982,
../dataset/UCI/ecoli.csv,csv,336,7,8,kruskal,par,2,ok,0.000606054,0.00565763,6.0704e-05,0,0.00632458,328,0.009545,
../dataset/UCI/ecoli.csv,csv,336,7,8,boruvka,par,2,ok,0,0,0.0015893,1.8299e-05,0.00160778,328,0.005764,
../dataset/UCI/ecoli.csv,csv,336,7,8,kruskal,par,4,ok,0.00051245,0.00297861,4.2207e-05,0,0.00353342,328,0.006900,
../dataset/UCI/ecoli.csv,csv,336,7,8,boruvka,par,4,ok,0,0,0.000966834,2.8756e-05,0.000995758,328,0.004567,
../dataset/UCI/ecoli.csv,csv,336,7,8,kruskal,par,8,ok,0.000616162,0.00334275,4.7221e-05,0,0.00400629,328,0.008117,
../dataset/UCI/ecoli.csv,csv,336,7,8,boruvka,par,8,ok,0,0,0.000618321,2.1177e-05,0.000639619,328,0.003458,
../dataset/UCI/ionosphere.csv,csv,351,34,2,kruskal,seq,1,ok,0.00100325,0.00324533,0.000297864,0,0.00454663,349,0.008544,
../dataset/UCI/ionosphere.csv,csv,351,34,2,boruvka,seq,1,ok,0,0,0.00243852,1.9432e-05,0.00245807,349,0.007558,
../dataset/UCI/ionosphere.csv,csv,351,34,2,kruskal,par,1,ok,0.00103476,0.00634505,0.000660109,0,0.00804027,349,0.012827,
../dataset/UCI/ionosphere.csv,csv,351,34,2,boruvka,par,1,ok,0,0,0.00286362,1.7377e-05,0.00288112,349,0.007313,
../dataset/UCI/ionosphere.csv,csv,351,34,2,kruskal,par,2,ok,0.000986714,0.00315569,0.00015388,0,0.00429642,349,0.009980,
../dataset/UCI/ionosphere.csv,csv,351,34,2,boruvka,par,2,ok,0,0,0.00178269,1.8964e-05,0.00180176,349,0.005466,
../dataset/UCI/ionosphere.csv,csv,351,34,2,kruskal,par,4,ok,0.00116199,0.00462999,0.000156743,0,0.00594896,349,0.011642,
../dataset/UCI/ionosphere.csv,csv,351,34,2,boruvka,par,4,ok,0,0,0.00121146,1.8168e-05,0.00122975,349,0.005814,
../dataset/UCI/ionosphere.csv,csv,351,34,2,kruskal,par,8,ok,0.000617756,0.0031713,0.000155549,0,0.00394474,349,0.008461,
../dataset/UCI/ionosphere.csv,csv,351,34,2,boruvka,par,8,ok,0,0,0.000877219,1.8239e-05,0.000895557,349,0.004501,
../dataset/UCI/led.arff.csv,csv,500,7,10,kruskal,seq,1,ok,0.00147217,0.00229946,7.7308e-05,0,0.0038491,490,0.006818,
../dataset/UCI/led.arff.csv,csv,500,7,10,boruvka,seq,1,ok,0,0,0.00236059,1.218e-05,0.00237293,490,0.005784,
../dataset/UCI/led.arff.csv,csv,500,7,10,kruskal,par,1,ok,0.00131711,0.00189276,5.6394e-05,0,0.00326648,490,0.007732,
../dataset/UCI/led.arff.csv,csv,500,7,10,boruvka,par,1,ok,0,0,0.00153795,9.566e-06,0.00154763,490,0.005471,
../dataset/UCI/led.arff.csv,csv,500,7,10,kruskal,par,2,ok,0.000936328,0.00187526,5.7812e-05,0,0.00286952,490,0.007411,
../dataset/UCI/led.arff.csv,csv,500,7,10,boruvka,par,2,ok,0,0,0.00331395,9.719e-06,0.0033238,490,0.006455,
../dataset/UCI/led.arff.csv,csv,500,7,10,kruskal,par,4,ok,0.00136883,0.00202333,5.827e-05,0,0.0034506,490,0.008281,
../dataset/UCI/led.arff.csv,csv,500,7,10,boruvka,par,4,ok,0,0,0.00127313,1.4269e-05,0.00128752,490,0.005362,
../dataset/UCI/led.arff.csv,csv,500,7,10,kruskal,par,8,ok,0.000951353,0.00194505,6.2165e-05,0,0.0029587,490,0.006094,
../dataset/UCI/led.arff.csv,csv,500,7,10,boruvka,par,8,ok,0,0,0.000796237,1.4434e-05,0.000810792,490,0.003589,
../dataset/UCI/sonar.csv,csv,208,60,2,kruskal,seq,1,ok,0.000620135,0.00104192,2.744e-05,0,0.00168967,206,0.005511,
../dataset/UCI/sonar.csv,csv,208,60,2,boruvka,seq,1,ok,0,0,0.00127771,1.0697e-05,0.00128853,206,0.004575,
../dataset/UCI/sonar.csv,csv,208,60,2,kruskal,par,1,ok,0.000512177,0.000985739,2.7182e-05,0,0.00152523,206,0.006766,
../dataset/UCI/sonar.csv,csv,208,60,2,boruvka,par,1,ok,0,0,0.00117528,9.417e-06,0.00118481,206,0.005503,
../dataset/UCI/sonar.csv,csv,208,60,2,kruskal,par,2,ok,0.000514552,0.000981435,2.6481e-05,0,0.0015226,206,0.006177,
../dataset/UCI/sonar.csv,csv,208,60,2,boruvka,par,2,ok,0,0,0.00104747,1.1785e-05,0.00105936,206,0.006353,
../dataset/UCI/sonar.csv,csv,208,60,2,kruskal,par,4,ok,0.000598671,0.000993175,2.8136e-05,0,0.00162014,206,0.006723,
../dataset/UCI/sonar.csv,csv,208,60,2,boruvka,par,4,ok,0,0,0.000680506,1.063e-05,0.000691257,206,0.006247,
../dataset/UCI/sonar.csv,csv,208,60,2,kruskal,par,8,ok,0.000378377,0.000990029,2.71e-05,0,0.00139565,206,0.005956,
../dataset/UCI/sonar.csv,csv,208,60,2,boruvka,par,8,ok,0,0,0.000669989,1.1685e-05,0.000681781,206,0.004253,
../dataset/UCI/wineqr.csv,csv,1599,11,6,kruskal,seq,1,ok,0.0126447,0.0784807,0.000710508,0,0.091836,1593,0.099381,
../dataset/UCI/wineqr.csv,csv,1599,11,6,boruvka,seq,1,ok,0,0,0.0420525,9.2695e-05,0.0421453,1593,0.049041,
../dataset/UCI/wineqr.csv,csv,1599,11,6,kruskal,par,1,ok,0.00916868,0.0779865,0.000727859,0,0.0878834,1593,0.095154,
../dataset/UCI/wineqr.csv,csv,1599,11,6,boruvka,par,1,ok,0,0,0.0316128,7.8777e-05,0.0316917,1593,0.039811,
../dataset/UCI/wineqr.csv,csv,1599,11,6,kruskal,par,2,ok,0.009288,0.0750182,0.000653835,0,0.0849602,1593,0.092362,
../dataset/UCI/wineqr.csv,csv,1599,11,6,boruvka,par,2,ok,0,0,0.0225841,7.6479e-05,0.0226607,1593,0.030884,
../dataset/UCI/wineqr.csv,csv,1599,11,6,kruskal,par,4,ok,0.00634392,0.0767668,0.000718821,0,0.0838297,1593,0.090736,
../dataset/UCI/wineqr.csv,csv,1599,11,6,boruvka,par,4,ok,0,0,0.0182754,8.3054e-05,0.0183587,1593,0.027204,
../dataset/UCI/wineqr.csv,csv,1599,11,6,kruskal,par,8,ok,0.00554189,0.0793124,0.00066762,0,0.0855221,1593,0.091746,
../dataset/UCI/wineqr.csv,csv,1599,11,6,boruvka,par,8,ok,0,0,0.0104991,8.3528e-05,0.0105827,1593,0.016950,
../dataset/UCI/winequality-red.csv,csv,1599,11,6,kruskal,seq,1,ok,0.0122421,0.0801767,0.000699041,0,0.093118,1593,0.099267,
../dataset/UCI/winequality-red.csv,csv,1599,11,6,boruvka,seq,1,ok,0,0,0.0384794,8.5464e-05,0.0385649,1593,0.045336,
../dataset/UCI/winequality-red.csv,csv,1599,11,6,kruskal,par,1,ok,0.00830799,0.0810818,0.000706837,0,0.0900967,1593,0.096759,
../dataset/UCI/winequality-red.csv,csv,1599,11,6,boruvka,par,1,ok,0,0,0.0312138,7.2621e-05,0.0312865,1593,0.038508,
../dataset/UCI/winequality-red.csv,csv,1599,11,6,kruskal,par,2,ok,0.00737282,0.0801871,0.000697889,0,0.0882579,1593,0.096200,
../dataset/UCI/winequality-red.csv,csv,1599,11,6,boruvka,par,2,ok,0,0,0.022388,8.2117e-05,0.0224702,1593,0.028764,
../dataset/UCI/winequality-red.csv,csv,1599,11,6,kruskal,par,4,ok,0.00654073,0.0763706,0.000703194,0,0.0836147,1593,0.090398,
../dataset/UCI/winequality-red.csv,csv,1599,11,6,boruvka,par,4,ok,0,0,0.016236,8.4444e-05,0.0163206,1593,0.023968,
../dataset/UCI/winequality-red.csv,csv,1599,11,6,kruskal,par,8,ok,0.00504348,0.0771748,0.00066556,0,0.082884,1593,0.090303,
../dataset/UCI/winequality-red.csv,csv,1599,11,6,boruvka,par,8,ok,0,0,0.0094282,8.2894e-05,0.00951121,1593,0.017756,
../dataset/synthetic/2spiral.csv,csv,1000,2,2,kruskal,seq,1,ok,0.00427398,0.0299401,4.3699e-05,0,0.0342579,998,0.037701,
../dataset/synthetic/2spiral.csv,csv,1000,2,2,boruvka,seq,1,ok,0,0,0.00353198,4.7229e-05,0.00357937,998,0.007830,
../dataset/synthetic/2spiral.csv,csv,1000,2,2,kruskal,par,1,ok,0.0029367,0.027169,4.4373e-05,0,0.0301503,998,0.035201,
../dataset/synthetic/2spiral.csv,csv,1000,2,2,boruvka,par,1,ok,0,0,0.00237882,4.1505e-05,0.00242044,998,0.008143,
../dataset/synthetic/2spiral.csv,csv,1000,2,2,kruskal,par,2,ok,0.00270991,0.0290455,4.0736e-05,0,0.0317964,998,0.035462,
../dataset/synthetic/2spiral.csv,csv,1000,2,2,boruvka,par,2,ok,0,0,0.00290996,4.9078e-05,0.00295918,998,0.007943,
../dataset/synthetic/2spiral.csv,csv,1000,2,2,kruskal,par,4,ok,0.00284997,0.0270745,4.0511e-05,0,0.0299652,998,0.034949,
../dataset/synthetic/2spiral.csv,csv,1000,2,2,boruvka,par,4,ok,0,0,0.00415914,6.1109e-05,0.00422049,998,0.009463,
../dataset/synthetic/2spiral.csv,csv,1000,2,2,kruskal,par,8,ok,0.00327955,0.0266075,3.9782e-05,0,0.0299271,998,0.033694,
../dataset/synthetic/2spiral.csv,csv,1000,2,2,boruvka,par,8,ok,0,0,0.00208915,4.5313e-05,0.00213458,998,0.006608,
../dataset/synthetic/3MC.csv,csv,400,2,3,kruskal,seq,1,ok,0.000905958,0.00451339,4.3544e-05,0,0.00546308,397,0.008398,
../dataset/synthetic/3MC.csv,csv,400,2,3,boruvka,seq,1,ok,0,0,0.00258894,2.3633e-05,0.00261282,397,0.007122,
../dataset/synthetic/3MC.csv,csv,400,2,3,kruskal,par,1,ok,0.000784198,0.00913786,3.3497e-05,0,0.00995572,397,0.013129,
../dataset/synthetic/3MC.csv,csv,400,2,3,boruvka,par,1,ok,0,0,0.00167695,1.9899e-05,0.00169702,397,0.005928,
../dataset/synthetic/3MC.csv,csv,400,2,3,kruskal,par,2,ok,0.00104403,0.00447464,3.2208e-05,0,0.00555113,397,0.009887,
../dataset/synthetic/3MC.csv,csv,400,2,3,boruvka,par,2,ok,0,0,0.0016548,2.0831e-05,0.00167578,397,0.005117,
../dataset/synthetic/3MC.csv,csv,400,2,3,kruskal,par,4,ok,0.000633184,0.00420883,3.0274e-05,0,0.00487242,397,0.007973,
../dataset/synthetic/3MC.csv,csv,400,2,3,boruvka,par,4,ok,0,0,0.00174043,2.6709e-05,0.00176753,397,0.005993,
../dataset/synthetic/3MC.csv,csv,400,2,3,kruskal,par,8,ok,0.000703624,0.00439509,3.206e-05,0,0.00513093,397,0.008251,
../dataset/synthetic/3MC.csv,csv,400,2,3,boruvka,par,8,ok,0,0,0.000629254,2.0584e-05,0.00064994,397,0.003524,
../dataset/synthetic/banana.csv,csv,4811,2,2,kruskal,seq,1,ok,0.0956645,0.723515,0.000992397,0,0.820172,4809,0.827363,
../dataset/synthetic/banana.csv,csv,4811,2,2,boruvka,seq,1,ok,0,0,0.271322,0.000252525,0.271575,4809,0.278570,
../dataset/synthetic/banana.csv,csv,4811,2,2,kruskal,par,1,ok,0.0552405,0.707655,0.000955269,0,0.763851,4809,0.771639,
../dataset/synthetic/banana.csv,csv,4811,2,2,boruvka,par,1,ok,0,0,0.191586,0.00022224,0.191808,4809,0.198140,
../dataset/synthetic/banana.csv,csv,4811,2,2,kruskal,par,2,ok,0.0515336,0.709007,0.000997355,0,0.761538,4809,0.770124,
../dataset/synthetic/banana.csv,csv,4811,2,2,boruvka,par,2,ok,0,0,0.157259,0.000224476,0.157483,4809,0.166760,
../dataset/synthetic/banana.csv,csv,4811,2,2,kruskal,par,4,ok,0.04881,0.709108,0.000890643,0,0.758809,4809,0.767337,
../dataset/synthetic/banana.csv,csv,4811,2,2,boruvka,par,4,ok,0,0,0.103038,0.000234224,0.103272,4809,0.111149,
../dataset/synthetic/banana.csv,csv,4811,2,2,kruskal,par,8,ok,0.0383378,0.68128,0.000884591,0,0.720502,4809,0.727972,
../dataset/synthetic/banana.csv,csv,4811,2,2,boruvka,par,8,ok,0,0,0.0545771,0.000242287,0.05482,4809,0.062277,
../dataset/synthetic/chainlink.csv,csv,1000,3,2,kruskal,seq,1,ok,0.00414937,0.031145,6.4125e-05,0,0.0353586,998,0.038559,
../dataset/synthetic/chainlink.csv,csv,1000,3,2,boruvka,seq,1,ok,0,0,0.0130322,5.4165e-05,0.0130865,998,0.018217,
../dataset/synthetic/chainlink.csv,csv,1000,3,2,kruskal,par,1,ok,0.00492391,0.0290605,6.2123e-05,0,0.0340467,998,0.039074,
../dataset/synthetic/chainlink.csv,csv,1000,3,2,boruvka,par,1,ok,0,0,0.0125185,5.0564e-05,0.0125693,998,0.017548,
../dataset/synthetic/chainlink.csv,csv,1000,3,2,kruskal,par,2,ok,0.0025215,0.0298486,6.2878e-05,0,0.0324332,998,0.037405,
../dataset/synthetic/chainlink.csv,csv,1000,3,2,boruvka,par,2,ok,0,0,0.00738311,5.0839e-05,0.00743407,998,0.014133,
../dataset/synthetic/chainlink.csv,csv,1000,3,2,kruskal,par,4,ok,0.00199308,0.0305614,6.7752e-05,0,0.0326224,998,0.036084,
../dataset/synthetic/chainlink.csv,csv,1000,3,2,boruvka,par,4,ok,0,0,0.00730929,5.1073e-05,0.00736054,998,0.012079,
../dataset/synthetic/chainlink.csv,csv,1000,3,2,kruskal,par,8,ok,0.00122392,0.0302906,6.214e-05,0,0.0315768,998,0.036126,
../dataset/synthetic/chainlink.csv,csv,1000,3,2,boruvka,par,8,ok,0,0,0.00503239,5.068e-05,0.00508326,998,0.009744,
../dataset/synthetic/complex9.csv,csv,3031,2,9,kruskal,seq,1,ok,0.0380482,0.296627,0.000218209,0,0.334894,3022,0.339839,
../dataset/synthetic/complex9.csv,csv,3031,2,9,boruvka,seq,1,ok,0,0,0.114898,0.000170156,0.115068,3022,0.122773,
../dataset/synthetic/complex9.csv,csv,3031,2,9,kruskal,par,1,ok,0.0191611,0.301471,0.00022881,0,0.320861,3022,0.326767,
../dataset/synthetic/complex9.csv,csv,3031,2,9,boruvka,par,1,ok,0,0,0.0836722,0.000156756,0.083829,3022,0.089555,
../dataset/synthetic/complex9.csv,csv,3031,2,9,kruskal,par,2,ok,0.0170869,0.299134,0.000226814,0,0.316448,3022,0.324483,
../dataset/synthetic/complex9.csv,csv,3031,2,9,boruvka,par,2,ok,0,0,0.0686088,0.000167331,0.0687763,3022,0.076716,
../dataset/synthetic/complex9.csv,csv,3031,2,9,kruskal,par,4,ok,0.0173979,0.297798,0.000225446,0,0.315422,3022,0.322524,
../dataset/synthetic/complex9.csv,csv,3031,2,9,boruvka,par,4,ok,0,0,0.0418513,0.000167879,0.0420193,3022,0.046784,
../dataset/synthetic/complex9.csv,csv,3031,2,9,kruskal,par,8,ok,0.0133335,0.295339,0.000212015,0,0.308885,3022,0.314858,
../dataset/synthetic/complex9.csv,csv,3031,2,9,boruvka,par,8,ok,0,0,0.0235191,0.000174211,0.0236935,3022,0.029535,
../dataset/synthetic/cure-t2-4k.csv,csv,4200,2,7,kruskal,seq,1,ok,0.0705839,0.582927,0.000825666,0,0.654337,4193,0.661037,
../dataset/synthetic/cure-t2-4k.csv,csv,4200,2,7,boruvka,seq,1,ok,0,0,0.21378,0.000268095,0.214048,4193,0.220051,
../dataset/synthetic/cure-t2-4k.csv,csv,4200,2,7,kruskal,par,1,ok,0.0378702,0.580124,0.000761316,0,0.618756,4193,0.624252,
../dataset/synthetic/cure-t2-4k.csv,csv,4200,2,7,boruvka,par,1,ok,0,0,0.156415,0.000258467,0.156674,4193,0.164052,
../dataset/synthetic/cure-t2-4k.csv,csv,4200,2,7,kruskal,par,2,ok,0.0338047,0.574731,0.00075794,0,0.609294,4193,0.616041,
../dataset/synthetic/cure-t2-4k.csv,csv,4200,2,7,boruvka,par,2,ok,0,0,0.120033,0.000270057,0.120304,4193,0.126833,
../dataset/synthetic/cure-t2-4k.csv,csv,4200,2,7,kruskal,par,4,ok,0.0293544,0.573119,0.000780388,0,0.603254,4193,0.614197,
../dataset/synthetic/cure-t2-4k.csv,csv,4200,2,7,boruvka,par,4,ok,0,0,0.0846815,0.000272144,0.0849538,4193,0.090257,
../dataset/synthetic/cure-t2-4k.csv,csv,4200,2,7,kruskal,par,8,ok,0.0275649,0.574029,0.00088486,0,0.602479,4193,0.609209,
../dataset/synthetic/cure-t2-4k.csv,csv,4200,2,7,boruvka,par,8,ok,0,0,0.0421188,0.000274025,0.042393,4193,0.049870,
../dataset/synthetic/curves1.csv,csv,1000,2,2,kruskal,seq,1,ok,0.00412846,0.0239443,3.3068e-05,0,0.0281059,998,0.031333,
../dataset/synthetic/curves1.csv,csv,1000,2,2,boruvka,seq,1,ok,0,0,0.0130844,5.3141e-05,0.0131376,998,0.017135,
../dataset/synthetic/curves1.csv,csv,1000,2,2,kruskal,par,1,ok,0.0021907,0.0257698,3.8259e-05,0,0.0279989,998,0.032034,
../dataset/synthetic/curves1.csv,csv,1000,2,2,boruvka,par,1,ok,0,0,0.0094372,5.1336e-05,0.00948866,998,0.012287,
../dataset/synthetic/curves1.csv,csv,1000,2,2,kruskal,par,2,ok,0.0019082,0.0221525,3.4411e-05,0,0.0240953,998,0.030239,
../dataset/synthetic/curves1.csv,csv,1000,2,2,boruvka,par,2,ok,0,0,0.00805923,4.9856e-05,0.0081092,998,0.011154,
../dataset/synthetic/curves1.csv,csv,1000,2,2,kruskal,par,4,ok,0.00248964,0.0230981,3.6174e-05,0,0.0256241,998,0.030277,
../dataset/synthetic/curves1.csv,csv,1000,2,2,boruvka,par,4,ok,0,0,0.0065443,4.9797e-05,0.00659426,998,0.010918,
../dataset/synthetic/curves1.csv,csv,1000,2,2,kruskal,par,8,ok,0.001716,0.0230945,3.6923e-05,0,0.0248476,998,0.029215,
../dataset/synthetic/curves1.csv,csv,1000,2,2,boruvka,par,8,ok,0,0,0.00489498,5.0068e-05,0.00494516,998,0.008756,
../dataset/synthetic/curves2.csv,csv,1000,2,2,kruskal,seq,1,ok,0.00428094,0.0252481,3.4423e-05,0,0.0295637,998,0.032861,
../dataset/synthetic/curves2.csv,csv,1000,2,2,boruvka,seq,1,ok,0,0,0.0129389,5.2174e-05,0.0129912,998,0.017735,
../dataset/synthetic/curves2.csv,csv,1000,2,2,kruskal,par,1,ok,0.0021432,0.0232847,3.2625e-05,0,0.0254607,998,0.030516,
../dataset/synthetic/curves2.csv,csv,1000,2,2,boruvka,par,1,ok,0,0,0.0100692,4.6477e-05,0.0101158,998,0.014733,
../dataset/synthetic/curves2.csv,csv,1000,2,2,kruskal,par,2,ok,0.0020616,0.0234244,3.2547e-05,0,0.0255189,998,0.031980,
../dataset/synthetic/curves2.csv,csv,1000,2,2,boruvka,par,2,ok,0,0,0.00851417,4.8997e-05,0.00856337,998,0.013032,
../dataset/synthetic/curves2.csv,csv,1000,2,2,kruskal,par,4,ok,0.00225067,0.0251379,3.4484e-05,0,0.0274234,998,0.032548,
../dataset/synthetic/curves2.csv,csv,1000,2,2,boruvka,par,4,ok,0,0,0.00734261,4.8886e-05,0.00739167,998,0.012049,
../dataset/synthetic/curves2.csv,csv,1000,2,2,kruskal,par,8,ok,0.00162076,0.0268234,3.4045e-05,0,0.0284783,998,0.031595,
../dataset/synthetic/curves2.csv,csv,1000,2,2,boruvka,par,8,ok,0,0,0.0045249,4.948e-05,0.00457456,998,0.008976,
../dataset/synthetic/dartboard1.csv,csv,1000,2,4,kruskal,seq,1,ok,0.00396664,0.0289398,4.684e-05,0,0.0329534,996,0.035981,
../dataset/synthetic/dartboard1.csv,csv,1000,2,4,boruvka,seq,1,ok,0,0,0.0179514,5.2357e-05,0.0180039,996,0.025211,
../dataset/synthetic/dartboard1.csv,csv,1000,2,4,kruskal,par,1,ok,0.00266297,0.0278225,4.2004e-05,0,0.0305276,996,0.035317,
../dataset/synthetic/dartboard1.csv,csv,1000,2,4,boruvka,par,1,ok,0,0,0.0125951,4.4959e-05,0.0126402,996,0.017476,
../dataset/synthetic/dartboard1.csv,csv,1000,2,4,kruskal,par,2,ok,0.00217556,0.0283413,4.3087e-05,0,0.0305601,996,0.034500,
../dataset/synthetic/dartboard1.csv,csv,1000,2,4,boruvka,par,2,ok,0,0,0.00809168,7.7273e-05,0.00816912,996,0.012851,
../dataset/synthetic/dartboard1.csv,csv,1000,2,4,kruskal,par,4,ok,0.00144968,0.0248739,3.719e-05,0,0.0263609,996,0.029803,
../dataset/synthetic/dartboard1.csv,csv,1000,2,4,boruvka,par,4,ok,0,0,0.00824158,4.5593e-05,0.00828735,996,0.012843,
../dataset/synthetic/dartboard1.csv,csv,1000,2,4,kruskal,par,8,ok,0.00123946,0.0255315,4.6798e-05,0,0.0268179,996,0.030397,
../dataset/synthetic/dartboard1.csv,csv,1000,2,4,boruvka,par,8,ok,0,0,0.00533316,4.5672e-05,0.00537916,996,0.012928,
../dataset/synthetic/dartboard2.csv,csv,1000,2,4,kruskal,seq,1,ok,0.00423543,0.024944,5.6309e-05,0,0.0292359,996,0.032319,
../dataset/synthetic/dartboard2.csv,csv,1000,2,4,boruvka,seq,1,ok,0,0,0.0161488,5.1315e-05,0.0162003,996,0.021009,
../dataset/synthetic/dartboard2.csv,csv,1000,2,4,kruskal,par,1,ok,0.00200241,0.024201,5.1131e-05,0,0.0262547,996,0.029786,
../dataset/synthetic/dartboard2.csv,csv,1000,2,4,boruvka,par,1,ok,0,0,0.0127542,4.9408e-05,0.0128038,996,0.017475,
../dataset/synthetic/dartboard2.csv,csv,1000,2,4,kruskal,par,2,ok,0.00228577,0.0241277,5.5499e-05,0,0.0264692,996,0.029538,
../dataset/synthetic/dartboard2.csv,csv,1000,2,4,boruvka,par,2,ok,0,0,0.00818571,4.3699e-05,0.0082296,996,0.013147,
../dataset/synthetic/dartboard2.csv,csv,1000,2,4,kruskal,par,4,ok,0.00204684,0.0269578,6.1629e-05,0,0.0290665,996,0.033634,
../dataset/synthetic/dartboard2.csv,csv,1000,2,4,boruvka,par,4,ok,0,0,0.00558993,4.6161e-05,0.00563643,996,0.012561,
../dataset/synthetic/dartboard2.csv,csv,1000,2,4,kruskal,par,8,ok,0.00115183,0.0263351,5.8711e-05,0,0.0275458,996,0.031330,
../dataset/synthetic/dartboard2.csv,csv,1000,2,4,boruvka,par,8,ok,0,0,0.00429375,4.5736e-05,0.0043396,996,0.007670,
../dataset/synthetic/diamond9.csv,csv,3000,2,9,kruskal,seq,1,ok,0.0392244,0.287167,0.000196841,0,0.326588,2991,0.331386,
../dataset/synthetic/diamond9.csv,csv,3000,2,9,boruvka,seq,1,ok,0,0,0.112999,0.000179949,0.113179,2991,0.117815,
../dataset/synthetic/diamond9.csv,csv,3000,2,9,kruskal,par,1,ok,0.0197399,0.285573,0.000187482,0,0.305501,2991,0.310364,
../dataset/synthetic/diamond9.csv,csv,3000,2,9,boruvka,par,1,ok,0,0,0.0850222,0.000166421,0.0851887,2991,0.093869,
../dataset/synthetic/diamond9.csv,csv,3000,2,9,kruskal,par,2,ok,0.016882,0.286433,0.000192104,0,0.303507,2991,0.309574,
../dataset/synthetic/diamond9.csv,csv,3000,2,9,boruvka,par,2,ok,0,0,0.0699434,0.000163916,0.0701075,2991,0.076329,
../dataset/synthetic/diamond9.csv,csv,3000,2,9,kruskal,par,4,ok,0.0149677,0.290916,0.000203456,0,0.306087,2991,0.313158,
../dataset/synthetic/diamond9.csv,csv,3000,2,9,boruvka,par,4,ok,0,0,0.040221,0.00016766,0.0403887,2991,0.048643,
../dataset/synthetic/diamond9.csv,csv,3000,2,9,kruskal,par,8,ok,0.0131124,0.290232,0.000205386,0,0.30355,2991,0.309628,
../dataset/synthetic/diamond9.csv,csv,3000,2,9,boruvka,par,8,ok,0,0,0.0242037,0.000169243,0.024373,2991,0.030139,
../dataset/synthetic/donut3.arff.csv,csv,999,2,3,kruskal,seq,1,ok,0.00550919,0.0278846,0.000237848,0,0.0336318,996,0.037204,
../dataset/synthetic/donut3.arff.csv,csv,999,2,3,boruvka,seq,1,ok,0,0,0.0136802,5.9152e-05,0.0137394,996,0.017933,
../dataset/synthetic/donut3.arff.csv,csv,999,2,3,kruskal,par,1,ok,0.0025128,0.0266622,0.000215188,0,0.0293903,996,0.034151,
../dataset/synthetic/donut3.arff.csv,csv,999,2,3,boruvka,par,1,ok,0,0,0.0131573,7.7852e-05,0.0132356,996,0.018240,
../dataset/synthetic/donut3.arff.csv,csv,999,2,3,kruskal,par,2,ok,0.00165422,0.027041,0.000214829,0,0.0289102,996,0.033508,
../dataset/synthetic/donut3.arff.csv,csv,999,2,3,boruvka,par,2,ok,0,0,0.00685706,4.8262e-05,0.0069055,996,0.012937,
../dataset/synthetic/donut3.arff.csv,csv,999,2,3,kruskal,par,4,ok,0.00267243,0.0273772,0.00021671,0,0.0302666,996,0.036669,
../dataset/synthetic/donut3.arff.csv,csv,999,2,3,boruvka,par,4,ok,0,0,0.00628909,5.0037e-05,0.00633931,996,0.012338,
../dataset/synthetic/donut3.arff.csv,csv,999,2,3,kruskal,par,8,ok,0.00150962,0.0295752,0.000225762,0,0.0313107,996,0.034552,
../dataset/synthetic/donut3.arff.csv,csv,999,2,3,boruvka,par,8,ok,0,0,0.00442295,5.0674e-05,0.00447374,996,0.007387,
../dataset/synthetic/donut3.csv,csv,999,2,3,kruskal,seq,1,ok,0.00594068,0.0274001,0.000218597,0,0.0335596,996,0.036816,
../dataset/synthetic/donut3.csv,csv,999,2,3,boruvka,seq,1,ok,0,0,0.013565,5.5794e-05,0.0136209,996,0.017913,
../dataset/synthetic/donut3.csv,csv,999,2,3,kruskal,par,1,ok,0.00290556,0.0276574,0.000212145,0,0.0307756,996,0.036484,
../dataset/synthetic/donut3.csv,csv,999,2,3,boruvka,par,1,ok,0,0,0.0122471,4.9774e-05,0.0122971,996,0.017010,
../dataset/synthetic/donut3.csv,csv,999,2,3,kruskal,par,2,ok,0.0021466,0.0270041,0.00021956,0,0.0293705,996,0.033194,
../dataset/synthetic/donut3.csv,csv,999,2,3,boruvka,par,2,ok,0,0,0.00661776,4.9438e-05,0.00666732,996,0.010985,
../dataset/synthetic/donut3.csv,csv,999,2,3,kruskal,par,4,ok,0.00186349,0.0273738,0.000233951,0,0.0294716,996,0.035732,
../dataset/synthetic/donut3.csv,csv,999,2,3,boruvka,par,4,ok,0,0,0.00504486,4.9696e-05,0.00509469,996,0.009495,
../dataset/synthetic/donut3.csv,csv,999,2,3,kruskal,par,8,ok,0.00143563,0.0289266,0.000241496,0,0.0306039,996,0.035250,
../dataset/synthetic/donut3.csv,csv,999,2,3,boruvka,par,8,ok,0,0,0.00340726,5.07e-05,0.00345807,996,0.006591,
../dataset/synthetic/donutcurves.csv,csv,1000,2,4,kruskal,seq,1,ok,0.00425488,0.0252305,0.000123742,0,0.0296093,996,0.033001,
../dataset/synthetic/donutcurves.csv,csv,1000,2,4,boruvka,seq,1,ok,0,0,0.0133151,5.286e-05,0.013368,996,0.016305,
../dataset/synthetic/donutcurves.csv,csv,1000,2,4,kruskal,par,1,ok,0.00242951,0.0241484,0.000122639,0,0.0267007,996,0.029747,
../dataset/synthetic/donutcurves.csv,csv,1000,2,4,boruvka,par,1,ok,0,0,0.00987749,4.794e-05,0.00992562,996,0.014389,
../dataset/synthetic/donutcurves.csv,csv,1000,2,4,kruskal,par,2,ok,0.00280286,0.024178,0.000118216,0,0.0270993,996,0.032000,
../dataset/synthetic/donutcurves.csv,csv,1000,2,4,boruvka,par,2,ok,0,0,0.00748441,4.7995e-05,0.00753253,996,0.011574,
../dataset/synthetic/donutcurves.csv,csv,1000,2,4,kruskal,par,4,ok,0.00217046,0.0240342,0.000112234,0,0.0263171,996,0.030984,
../dataset/synthetic/donutcurves.csv,csv,1000,2,4,boruvka,par,4,ok,0,0,0.00505987,4.8347e-05,0.00510839,996,0.010284,
../dataset/synthetic/donutcurves.csv,csv,1000,2,4,kruskal,par,8,ok,0.0014016,0.024022,0.000120202,0,0.025544,996,0.028629,
../dataset/synthetic/donutcurves.csv,csv,1000,2,4,boruvka,par,8,ok,0,0,0.00531472,4.9258e-05,0.00536409,996,0.008347,
../dataset/synthetic/ds2c2sc13.csv,csv,588,2,13,kruskal,seq,1,ok,0.00139341,0.00875436,3.4547e-05,0,0.0101825,575,0.012778,
../dataset/synthetic/ds2c2sc13.csv,csv,588,2,13,boruvka,seq,1,ok,0,0,0.00769512,3.0792e-05,0.0077261,575,0.011475,
../dataset/synthetic/ds2c2sc13.csv,csv,588,2,13,kruskal,par,1,ok,0.000694144,0.0143352,3.4192e-05,0,0.0150637,575,0.017828,
../dataset/synthetic/ds2c2sc13.csv,csv,588,2,13,boruvka,par,1,ok,0,0,0.00332847,2.7643e-05,0.00335627,575,0.007190,
../dataset/synthetic/ds2c2sc13.csv,csv,588,2,13,kruskal,par,2,ok,0.000857388,0.00936954,3.1887e-05,0,0.010259,575,0.014295,
../dataset/synthetic/ds2c2sc13.csv,csv,588,2,13,boruvka,par,2,ok,0,0,0.00258076,5.9132e-05,0.00264009,575,0.007443,
../dataset/synthetic/ds2c2sc13.csv,csv,588,2,13,kruskal,par,4,ok,0.000859487,0.0086936,3.485e-05,0,0.00958808,575,0.012310,
../dataset/synthetic/ds2c2sc13.csv,csv,588,2,13,boruvka,par,4,ok,0,0,0.00203765,2.6888e-05,0.00206477,575,0.006192,
../dataset/synthetic/ds2c2sc13.csv,csv,588,2,13,kruskal,par,8,ok,0.000807521,0.00970114,4.0815e-05,0,0.0105497,575,0.013690,
../dataset/synthetic/ds2c2sc13.csv,csv,588,2,13,boruvka,par,8,ok,0,0,0.00114371,2.6933e-05,0.00117077,575,0.004079,
../dataset/synthetic/pearl.csv,csv,266,2,3,kruskal,seq,1,ok,0.000356453,0.00163814,1.8625e-05,0,0.00201337,263,0.004438,
../dataset/synthetic/pearl.csv,csv,266,2,3,boruvka,seq,1,ok,0,0,0.000808075,1.3706e-05,0.000821894,263,0.003404,
../dataset/synthetic/pearl.csv,csv,266,2,3,kruskal,par,1,ok,0.000416259,0.00324997,1.8643e-05,0,0.00368511,263,0.006840,
../dataset/synthetic/pearl.csv,csv,266,2,3,boruvka,par,1,ok,0,0,0.000811445,1.7173e-05,0.000828754,263,0.003606,
../dataset/synthetic/pearl.csv,csv,266,2,3,kruskal,par,2,ok,0.000225154,0.0016189,1.9363e-05,0,0.00186357,263,0.004355,
../dataset/synthetic/pearl.csv,csv,266,2,3,boruvka,par,2,ok,0,0,0.000510366,1.2494e-05,0.000522965,263,0.003007,
../dataset/synthetic/pearl.csv,csv,266,2,3,kruskal,par,4,ok,0.00023839,0.00162816,1.7913e-05,0,0.00188461,263,0.004468,
../dataset/synthetic/pearl.csv,csv,266,2,3,boruvka,par,4,ok,0,0,0.000474632,2.6385e-05,0.000501269,263,0.004270,
../dataset/synthetic/pearl.csv,csv,266,2,3,kruskal,par,8,ok,0.000263857,0.0016199,1.7397e-05,0,0.0019013,263,0.004340,
../dataset/synthetic/pearl.csv,csv,266,2,3,boruvka,par,8,ok,0,0,0.000360163,1.2982e-05,0.000373264,263,0.002987,
../dataset/synthetic/rings.csv,csv,1000,2,3,kruskal,seq,1,ok,0.0041895,0.0307755,0.000224143,0,0.0351893,997,0.038402,
../dataset/synthetic/rings.csv,csv,1000,2,3,boruvka,seq,1,ok,0,0,0.0113829,5.608e-05,0.0114391,997,0.014685,
../dataset/synthetic/rings.csv,csv,1000,2,3,kruskal,par,1,ok,0.00295585,0.0298666,0.000215088,0,0.0330377,997,0.037797,
../dataset/synthetic/rings.csv,csv,1000,2,3,boruvka,par,1,ok,0,0,0.00779013,5.2846e-05,0.00784309,997,0.014322,
../dataset/synthetic/rings.csv,csv,1000,2,3,kruskal,par,2,ok,0.00225402,0.0299033,0.000215061,0,0.0323726,997,0.037251,
../dataset/synthetic/rings.csv,csv,1000,2,3,boruvka,par,2,ok,0,0,0.00688837,5.1029e-05,0.0069395,997,0.011018,
../dataset/synthetic/rings.csv,csv,1000,2,3,kruskal,par,4,ok,0.00225218,0.02999,0.000209204,0,0.0324515,997,0.036494,
../dataset/synthetic/rings.csv,csv,1000,2,3,boruvka,par,4,ok,0,0,0.00613043,5.4654e-05,0.00618526,997,0.010570,
../dataset/synthetic/rings.csv,csv,1000,2,3,kruskal,par,8,ok,0.00199579,0.0308142,0.000215969,0,0.0330262,997,0.038051,
../dataset/synthetic/rings.csv,csv,1000,2,3,boruvka,par,8,ok,0,0,0.00408266,5.459e-05,0.00413735,997,0.007181,
../dataset/synthetic/smile2.csv,csv,1000,2,4,kruskal,seq,1,ok,0.00484497,0.0283842,0.000136475,0,0.0333659,996,0.036595,
../dataset/synthetic/smile2.csv,csv,1000,2,4,boruvka,seq,1,ok,0,0,0.00965736,5.238e-05,0.00970985,996,0.012816,
../dataset/synthetic/smile2.csv,csv,1000,2,4,kruskal,par,1,ok,0.0018466,0.0265665,0.000116439,0,0.0285297,996,0.032358,
../dataset/synthetic/smile2.csv,csv,1000,2,4,boruvka,par,1,ok,0,0,0.00821616,4.7026e-05,0.00826336,996,0.012990,
../dataset/synthetic/smile2.csv,csv,1000,2,4,kruskal,par,2,ok,0.00227542,0.0270174,0.000128784,0,0.0294218,996,0.034050,
../dataset/synthetic/smile2.csv,csv,1000,2,4,boruvka,par,2,ok,0,0,0.00597685,4.8518e-05,0.00602555,996,0.010993,
../dataset/synthetic/smile2.csv,csv,1000,2,4,kruskal,par,4,ok,0.00231216,0.0279885,0.000134433,0,0.0304354,996,0.035648,
../dataset/synthetic/smile2.csv,csv,1000,2,4,boruvka,par,4,ok,0,0,0.00552123,5.1478e-05,0.00557289,996,0.010103,
../dataset/synthetic/smile2.csv,csv,1000,2,4,kruskal,par,8,ok,0.00138345,0.0275043,0.000131962,0,0.0290198,996,0.033583,
../dataset/synthetic/smile2.csv,csv,1000,2,4,boruvka,par,8,ok,0,0,0.00438302,5.0564e-05,0.00443377,996,0.009116,
../dataset/synthetic/spherical_6_2.csv,csv,300,2,6,kruskal,seq,1,ok,0.000455965,0.00213936,2.1555e-05,0,0.00261703,294,0.005202,
../dataset/synthetic/spherical_6_2.csv,csv,300,2,6,boruvka,seq,1,ok,0,0,0.00126551,2.16e-05,0.00128727,294,0.003954,
../dataset/synthetic/spherical_6_2.csv,csv,300,2,6,kruskal,par,1,ok,0.000540928,0.00304252,2.0932e-05,0,0.00360462,294,0.006975,
../dataset/synthetic/spherical_6_2.csv,csv,300,2,6,boruvka,par,1,ok,0,0,0.00118644,2.3383e-05,0.00121002,294,0.004281,
../dataset/synthetic/spherical_6_2.csv,csv,300,2,6,kruskal,par,2,ok,0.00103329,0.00269045,2.0573e-05,0,0.00374475,294,0.007594,
../dataset/synthetic/spherical_6_2.csv,csv,300,2,6,boruvka,par,2,ok,0,0,0.00079232,2.2555e-05,0.000815044,294,0.003997,
../dataset/synthetic/spherical_6_2.csv,csv,300,2,6,kruskal,par,4,ok,0.00030046,0.00210882,1.9122e-05,0,0.00242853,294,0.004966,
../dataset/synthetic/spherical_6_2.csv,csv,300,2,6,boruvka,par,4,ok,0,0,0.000548258,1.4783e-05,0.000563145,294,0.003011,
../dataset/synthetic/spherical_6_2.csv,csv,300,2,6,kruskal,par,8,ok,0.000343186,0.00212847,1.9319e-05,0,0.00249111,294,0.005866,
../dataset/synthetic/spherical_6_2.csv,csv,300,2,6,boruvka,par,8,ok,0,0,0.000375621,1.5446e-05,0.000391188,294,0.003003,
../dataset/synthetic/spiralsquare.csv,csv,1500,2,6,kruskal,seq,1,ok,0.0101423,0.0625115,0.000132747,0,0.0727868,1494,0.076546,
../dataset/synthetic/spiralsquare.csv,csv,1500,2,6,boruvka,seq,1,ok,0,0,0.0183517,7.0276e-05,0.0184223,1494,0.024400,
../dataset/synthetic/spiralsquare.csv,csv,1500,2,6,kruskal,par,1,ok,0.00461181,0.0581989,0.000130705,0,0.0629416,1494,0.068375,
../dataset/synthetic/spiralsquare.csv,csv,1500,2,6,boruvka,par,1,ok,0,0,0.011517,5.6721e-05,0.0115739,1494,0.016691,
../dataset/synthetic/spiralsquare.csv,csv,1500,2,6,kruskal,par,2,ok,0.00385077,0.0584331,0.000116859,0,0.0624009,1494,0.066251,
../dataset/synthetic/spiralsquare.csv,csv,1500,2,6,boruvka,par,2,ok,0,0,0.0102365,5.8342e-05,0.010295,1494,0.015560,
../dataset/synthetic/spiralsquare.csv,csv,1500,2,6,kruskal,par,4,ok,0.00346233,0.0605823,0.000118709,0,0.0641635,1494,0.067826,
../dataset/synthetic/spiralsquare.csv,csv,1500,2,6,boruvka,par,4,ok,0,0,0.00792543,6.0009e-05,0.00798556,1494,0.012657,
../dataset/synthetic/spiralsquare.csv,csv,1500,2,6,kruskal,par,8,ok,0.00259372,0.0580342,0.000118065,0,0.0607462,1494,0.065216,
../dataset/synthetic/spiralsquare.csv,csv,1500,2,6,boruvka,par,8,ok,0,0,0.00624169,5.8277e-05,0.00630015,1494,0.011635,
../dataset/synthetic/target.csv,csv,770,2,6,kruskal,seq,1,ok,0.00222194,0.0183692,9.308e-05,0,0.0206844,764,0.023346,
../dataset/synthetic/target.csv,csv,770,2,6,boruvka,seq,1,ok,0,0,0.00590123,4.4522e-05,0.00594587,764,0.009654,
../dataset/synthetic/target.csv,csv,770,2,6,kruskal,par,1,ok,0.00189702,0.0175446,7.7681e-05,0,0.0195195,764,0.023640,
../dataset/synthetic/target.csv,csv,770,2,6,boruvka,par,1,ok,0,0,0.00501933,3.9047e-05,0.00505855,764,0.009038,
../dataset/synthetic/target.csv,csv,770,2,6,kruskal,par,2,ok,0.00131646,0.0211177,7.7945e-05,0,0.0225123,764,0.025528,
../dataset/synthetic/target.csv,csv,770,2,6,boruvka,par,2,ok,0,0,0.00406553,3.7288e-05,0.004103,764,0.008260,
../dataset/synthetic/target.csv,csv,770,2,6,kruskal,par,4,ok,0.00122973,0.0207748,8.0671e-05,0,0.0220854,764,0.025210,
../dataset/synthetic/target.csv,csv,770,2,6,boruvka,par,4,ok,0,0,0.00436555,3.8248e-05,0.00440391,764,0.007727,
../dataset/synthetic/target.csv,csv,770,2,6,kruskal,par,8,ok,0.00116621,0.018114,8.6128e-05,0,0.0193665,764,0.023369,
../dataset/synthetic/target.csv,csv,770,2,6,boruvka,par,8,ok,0,0,0.0024843,3.8701e-05,0.00252315,764,0.006012,
../dataset/synthetic/twenty.csv,csv,1000,2,20,kruskal,seq,1,ok,0.00436634,0.0304663,8.4394e-05,0,0.0349172,980,0.038032,
../dataset/synthetic/twenty.csv,csv,1000,2,20,boruvka,seq,1,ok,0,0,0.0116019,5.3464e-05,0.0116555,980,0.016145,
../dataset/synthetic/twenty.csv,csv,1000,2,20,kruskal,par,1,ok,0.00270888,0.030097,8.0857e-05,0,0.032887,980,0.037681,
../dataset/synthetic/twenty.csv,csv,1000,2,20,boruvka,par,1,ok,0,0,0.0111489,5.1127e-05,0.0112002,980,0.015814,
../dataset/synthetic/twenty.csv,csv,1000,2,20,kruskal,par,2,ok,0.0020875,0.0276203,8.1122e-05,0,0.0297891,980,0.033113,
../dataset/synthetic/twenty.csv,csv,1000,2,20,boruvka,par,2,ok,0,0,0.00681459,5.1733e-05,0.00686644,980,0.012055,
../dataset/synthetic/twenty.csv,csv,1000,2,20,kruskal,par,4,ok,0.00231411,0.0282899,8.0245e-05,0,0.0306845,980,0.036427,
../dataset/synthetic/twenty.csv,csv,1000,2,20,boruvka,par,4,ok,0,0,0.00603895,5.263e-05,0.00609177,980,0.010731,
../dataset/synthetic/twenty.csv,csv,1000,2,20,kruskal,par,8,ok,0.00137697,0.030147,8.1332e-05,0,0.0316054,980,0.034931,
../dataset/synthetic/twenty.csv,csv,1000,2,20,boruvka,par,8,ok,0,0,0.00529064,5.2652e-05,0.00534343,980,0.008500,
../dataset/synthetic/twodiamonds.csv,csv,800,2,2,kruskal,seq,1,ok,0.00241009,0.0186353,6.1623e-05,0,0.0211072,798,0.023930,
../dataset/synthetic/twodiamonds.csv,csv,800,2,2,boruvka,seq,1,ok,0,0,0.0102873,5.086e-05,0.0103384,798,0.014549,
../dataset/synthetic/twodiamonds.csv,csv,800,2,2,kruskal,par,1,ok,0.00175894,0.0214114,6.0258e-05,0,0.0232308,798,0.026931,
../dataset/synthetic/twodiamonds.csv,csv,800,2,2,boruvka,par,1,ok,0,0,0.00631319,3.8411e-05,0.00635179,798,0.010656,
../dataset/synthetic/twodiamonds.csv,csv,800,2,2,kruskal,par,2,ok,0.00131156,0.0196279,5.6494e-05,0,0.0209961,798,0.027417,
../dataset/synthetic/twodiamonds.csv,csv,800,2,2,boruvka,par,2,ok,0,0,0.00607958,4.0734e-05,0.00612047,798,0.010548,
../dataset/synthetic/twodiamonds.csv,csv,800,2,2,kruskal,par,4,ok,0.00122986,0.0212889,5.7735e-05,0,0.0225767,798,0.025893,
../dataset/synthetic/twodiamonds.csv,csv,800,2,2,boruvka,par,4,ok,0,0,0.00427079,4.106e-05,0.00431199,798,0.007413,
../dataset/synthetic/twodiamonds.csv,csv,800,2,2,kruskal,par,8,ok,0.00131336,0.0187641,5.6314e-05,0,0.020134,798,0.024434,
../dataset/synthetic/twodiamonds.csv,csv,800,2,2,boruvka,par,8,ok,0,0,0.00320809,4.0416e-05,0.00324867,798,0.007089,
../dataset/synthetic/zelnik1.csv,csv,299,2,3,kruskal,seq,1,ok,0.000447691,0.00202731,2.8079e-05,0,0.00250323,296,0.005052,
../dataset/synthetic/zelnik1.csv,csv,299,2,3,boruvka,seq,1,ok,0,0,0.00105611,1.6348e-05,0.00107259,296,0.003732,
../dataset/synthetic/zelnik1.csv,csv,299,2,3,kruskal,par,1,ok,0.00030497,0.002022,2.5578e-05,0,0.0023527,296,0.005358,
../dataset/synthetic/zelnik1.csv,csv,299,2,3,boruvka,par,1,ok,0,0,0.000731677,1.467e-05,0.000746479,296,0.004357,
../dataset/synthetic/zelnik1.csv,csv,299,2,3,kruskal,par,2,ok,0.00028767,0.00249918,5.9898e-05,0,0.00284697,296,0.005405,
../dataset/synthetic/zelnik1.csv,csv,299,2,3,boruvka,par,2,ok,0,0,0.000743008,2.8778e-05,0.000772025,296,0.004000,
../dataset/synthetic/zelnik1.csv,csv,299,2,3,kruskal,par,4,ok,0.000553342,0.00328635,4.3344e-05,0,0.00388331,296,0.007523,
../dataset/synthetic/zelnik1.csv,csv,299,2,3,boruvka,par,4,ok,0,0,0.000438257,1.575e-05,0.000454116,296,0.002898,
../dataset/synthetic/zelnik1.csv,csv,299,2,3,kruskal,par,8,ok,0.000298801,0.00205474,2.5779e-05,0,0.00237945,296,0.004749,
../dataset/synthetic/zelnik1.csv,csv,299,2,3,boruvka,par,8,ok,0,0,0.000393749,1.5598e-05,0.000409462,296,0.003533,
../dataset/synthetic/zelnik3 - Copy.csv,csv,266,2,3,kruskal,seq,1,ok,0.000354202,0.00163755,2.3822e-05,0,0.00201574,263,0.004357,
../dataset/synthetic/zelnik3 - Copy.csv,csv,266,2,3,boruvka,seq,1,ok,0,0,0.000958964,1.6938e-05,0.000976034,263,0.003424,
../dataset/synthetic/zelnik3 - Copy.csv,csv,266,2,3,kruskal,par,1,ok,0.000347404,0.00291375,4.071e-05,0,0.00330215,263,0.006262,
../dataset/synthetic/zelnik3 - Copy.csv,csv,266,2,3,boruvka,par,1,ok,0,0,0.000991546,2.0976e-05,0.00101271,263,0.003721,
../dataset/synthetic/zelnik3 - Copy.csv,csv,266,2,3,kruskal,par,2,ok,0.000446101,0.00235593,1.8476e-05,0,0.00282073,263,0.006067,
../dataset/synthetic/zelnik3 - Copy.csv,csv,266,2,3,boruvka,par,2,ok,0,0,0.00110408,2.8786e-05,0.00113311,263,0.004453,
../dataset/synthetic/zelnik3 - Copy.csv,csv,266,2,3,kruskal,par,4,ok,0.000408544,0.00161981,1.8168e-05,0,0.00204674,263,0.005751,
../dataset/synthetic/zelnik3 - Copy.csv,csv,266,2,3,boruvka,par,4,ok,0,0,0.00062119,1.2652e-05,0.000633962,263,0.003267,
../dataset/synthetic/zelnik3 - Copy.csv,csv,266,2,3,kruskal,par,8,ok,0.000471424,0.00257716,1.9123e-05,0,0.00306794,263,0.006504,
../dataset/synthetic/zelnik3 - Copy.csv,csv,266,2,3,boruvka,par,8,ok,0,0,0.000351565,1.3232e-05,0.000364929,263,0.002707,
../dataset/synthetic/zelnik3.csv,csv,266,2,3,kruskal,seq,1,ok,0.000338575,0.00164331,1.9801e-05,0,0.00200182,263,0.004428,
../dataset/synthetic/zelnik3.csv,csv,266,2,3,boruvka,seq,1,ok,0,0,0.000979577,1.7071e-05,0.0009968,263,0.003365,
../dataset/synthetic/zelnik3.csv,csv,266,2,3,kruskal,par,1,ok,0.000358232,0.00270624,3.1849e-05,0,0.00309658,263,0.005903,
../dataset/synthetic/zelnik3.csv,csv,266,2,3,boruvka,par,1,ok,0,0,0.00059536,1.28e-05,0.000608262,263,0.002837,
../dataset/synthetic/zelnik3.csv,csv,266,2,3,kruskal,par,2,ok,0.000401179,0.00160966,1.8955e-05,0,0.00203005,263,0.005250,
../dataset/synthetic/zelnik3.csv,csv,266,2,3,boruvka,par,2,ok,0,0,0.000750707,1.7308e-05,0.000768171,263,0.003255,
../dataset/synthetic/zelnik3.csv,csv,266,2,3,kruskal,par,4,ok,0.000419763,0.00237252,1.8712e-05,0,0.00281125,263,0.006065,
../dataset/synthetic/zelnik3.csv,csv,266,2,3,boruvka,par,4,ok,0,0,0.000703777,2.6556e-05,0.000730581,263,0.004274,
../dataset/synthetic/zelnik3.csv,csv,266,2,3,kruskal,par,8,ok,0.000304121,0.00196909,2.1389e-05,0,0.00229476,263,0.004763,
../dataset/synthetic/zelnik3.csv,csv,266,2,3,boruvka,par,8,ok,0,0,0.000353913,1.4655e-05,0.000368692,263,0.002635,
../dataset/synthetic/zelnik6.csv,csv,238,2,3,kruskal,seq,1,ok,0.000266916,0.00132323,3.4742e-05,0,0.00162504,235,0.003877,
../dataset/synthetic/zelnik6.csv,csv,238,2,3,boruvka,seq,1,ok,0,0,0.000684636,1.2225e-05,0.000696991,235,0.003156,
../dataset/synthetic/zelnik6.csv,csv,238,2,3,kruskal,par,1,ok,0.000282345,0.00162455,3.3843e-05,0,0.00194094,235,0.004794,
../dataset/synthetic/zelnik6.csv,csv,238,2,3,boruvka,par,1,ok,0,0,0.000734471,1.7658e-05,0.000752313,235,0.003760,
../dataset/synthetic/zelnik6.csv,csv,238,2,3,kruskal,par,2,ok,0.000359492,0.00250514,3.5567e-05,0,0.00290046,235,0.005799,
../dataset/synthetic/zelnik6.csv,csv,238,2,3,boruvka,par,2,ok,0,0,0.000569717,1.375e-05,0.000583595,235,0.003221,
../dataset/synthetic/zelnik6.csv,csv,238,2,3,kruskal,par,4,ok,0.000306426,0.00142431,3.3304e-05,0,0.00176424,235,0.004725,
../dataset/synthetic/zelnik6.csv,csv,238,2,3,boruvka,par,4,ok,0,0,0.000531806,2.3196e-05,0.000555215,235,0.004011,
../dataset/synthetic/zelnik6.csv,csv,238,2,3,kruskal,par,8,ok,0.000315397,0.00128999,3.2821e-05,0,0.00163836,235,0.004113,
../dataset/synthetic/zelnik6.csv,csv,238,2,3,boruvka,par,8,ok,0,0,0.000308041,1.1396e-05,0.000319542,235,0.002380,
