cluster_a,cluster_b,new_cluster,edge_u,edge_v,distance,size
500,501,1000,500,501,0.0300783,2
0,1,1001,0,1,0.0300783,2
1000,502,1002,501,502,0.0302574,3
1001,2,1003,1,2,0.0302574,3
1003,3,1004,2,3,0.0304333,4
1002,503,1005,502,503,0.0304333,4
1005,504,1006,503,504,0.0306128,5
1004,4,1007,3,4,0.0306128,5
1006,505,1008,504,505,0.0307923,6
1007,5,1009,4,5,0.0307923,6
1008,506,1010,505,506,0.0309687,7
1009,6,1011,5,6,0.0309687,7
1010,507,1012,506,507,0.0311479,8
1011,7,1013,6,7,0.0311479,8
1013,8,1014,7,8,0.0313266,9
1012,508,1015,507,508,0.0313266,9
1014,9,1016,8,9,0.0315045,10
1015,509,1017,508,509,0.0315045,10
1016,10,1018,9,10,0.0316847,11
1017,510,1019,509,510,0.0316847,11
1018,11,1020,10,11,0.0318637,12
1019,511,1021,510,511,0.0318637,12
1020,12,1022,11,12,0.0320412,13
1021,512,1023,511,512,0.0320412,13
1022,13,1024,12,13,0.0322215,14
1023,513,1025,512,513,0.0322215,14
1025,514,1026,513,514,0.0323999,15
1024,14,1027,13,14,0.0323999,15
1026,515,1028,514,515,0.032579,16
1027,15,1029,14,15,0.032579,16
1028,516,1030,515,516,0.0327595,17
1029,16,1031,15,16,0.0327595,17
1030,517,1032,516,517,0.0329381,18
1031,17,1033,16,17,0.0329381,18
1033,18,1034,17,18,0.033119,19
1032,518,1035,517,518,0.033119,19
1035,519,1036,518,519,0.0332976,20
1034,19,1037,18,19,0.0332976,20
1036,520,1038,519,520,0.0334781,21
1037,20,1039,19,20,0.0334781,21
1038,521,1040,520,521,0.0336579,22
1039,21,1041,20,21,0.0336579,22
1040,522,1042,521,522,0.0338378,23
1041,22,1043,21,22,0.0338378,23
1042,523,1044,522,523,0.0340168,24
1043,23,1045,22,23,0.0340168,24
1044,524,1046,523,524,0.0341975,25
1045,24,1047,23,24,0.0341975,25
1046,525,1048,524,525,0.0343795,26
1047,25,1049,24,25,0.0343795,26
1048,526,1050,525,526,0.0345594,27
1049,26,1051,25,26,0.0345594,27
1050,527,1052,526,527,0.0347399,28
1051,27,1053,26,27,0.0347399,28
1052,528,1054,527,528,0.0349191,29
1053,28,1055,27,28,0.0349191,29
1054,529,1056,528,529,0.035099,30
1055,29,1057,28,29,0.035099,30
1056,530,1058,529,530,0.035282,31
1057,30,1059,29,30,0.035282,31
1058,531,1060,530,531,0.0354627,32
1059,31,1061,30,31,0.0354627,32
1060,532,1062,531,532,0.0356426,33
1061,32,1063,31,32,0.0356426,33
1062,533,1064,532,533,0.0358203,34
1063,33,1065,32,33,0.0358203,34
1064,534,1066,533,534,0.0360138,35
1065,34,1067,33,34,0.0360138,35
1066,535,1068,534,535,0.0361809,36
1067,35,1069,34,35,0.0361809,36
1069,36,1070,35,36,0.0363703,37
1068,536,1071,535,536,0.0363703,37
1071,537,1072,536,537,0.0365433,38
1070,37,1073,36,37,0.0365433,38
1072,538,1074,537,538,0.0367312,39
1073,38,1075,37,38,0.0367312,39
1074,539,1076,538,539,0.0369158,40
1075,39,1077,38,39,0.0369158,40
1076,540,1078,539,540,0.0370886,41
1077,40,1079,39,40,0.0370886,41
1078,541,1080,540,541,0.0372765,42
1079,41,1081,40,41,0.0372765,42
1080,542,1082,541,542,0.0374532,43
1081,42,1083,41,42,0.0374532,43
1083,43,1084,42,43,0.0376366,44
1082,543,1085,542,543,0.0376366,44
1085,544,1086,543,544,0.0378215,45
1084,44,1087,43,44,0.0378215,45
1087,45,1088,44,45,0.0380015,46
1086,545,1089,544,545,0.0380015,46
1088,46,1090,45,46,0.0381832,47
1089,546,1091,545,546,0.0381832,47
1090,47,1092,46,47,0.0383639,48
1091,547,1093,546,547,0.0383639,48
1092,48,1094,47,48,0.0385462,49
1093,548,1095,547,548,0.0385462,49
1094,49,1096,48,49,0.0387277,50
1095,549,1097,548,549,0.0387277,50
1096,50,1098,49,50,0.0389092,51
1097,550,1099,549,550,0.0389092,51
1099,551,1100,550,551,0.0390923,52
1098,51,1101,50,51,0.0390923,52
1100,552,1102,551,552,0.0392757,53
1101,52,1103,51,52,0.0392757,53
1102,553,1104,552,553,0.0394607,54
1103,53,1105,52,53,0.0394607,54
1104,554,1106,553,554,0.0396394,55
1105,54,1107,53,54,0.0396394,55
1106,555,1108,554,555,0.039827,56
1107,55,1109,54,55,0.039827,56
1108,556,1110,555,556,0.0400023,57
1109,56,1111,55,56,0.0400023,57
1111,57,1112,56,57,0.0401847,58
1110,557,1113,556,557,0.0401847,58
1112,58,1114,57,58,0.0403709,59
1113,558,1115,557,558,0.0403709,59
1114,59,1116,58,59,0.0405553,60
1115,559,1117,558,559,0.0405553,60
1117,560,1118,559,560,0.0407374,61
1116,60,1119,59,60,0.0407374,61
1118,561,1120,560,561,0.0409169,62
1119,61,1121,60,61,0.0409169,62
1120,562,1122,561,562,0.0411003,63
1121,62,1123,61,62,0.0411003,63
1122,563,1124,562,563,0.041286,64
1123,63,1125,62,63,0.041286,64
1124,564,1126,563,564,0.0414639,65
1125,64,1127,63,64,0.0414639,65
1126,565,1128,564,565,0.0416493,66
1127,65,1129,64,65,0.0416493,66
1129,66,1130,65,66,0.0418342,67
1128,566,1131,565,566,0.0418342,67
1130,67,1132,66,67,0.0420192,68
1131,567,1133,566,567,0.0420192,68
1132,68,1134,67,68,0.0421982,69
1133,568,1135,567,568,0.0421982,69
1134,69,1136,68,69,0.0423789,70
1135,569,1137,568,569,0.0423789,70
1137,570,1138,569,570,0.0425658,71
1136,70,1139,69,70,0.0425658,71
1139,71,1140,70,71,0.0427509,72
1138,571,1141,570,571,0.0427509,72
1140,72,1142,71,72,0.0429331,73
1141,572,1143,571,572,0.0429331,73
1143,573,1144,572,573,0.0431129,74
1142,73,1145,72,73,0.0431129,74
1145,74,1146,73,74,0.0432971,75
1144,574,1147,573,574,0.0432971,75
1146,75,1148,74,75,0.043484,76
1147,575,1149,574,575,0.043484,76
1148,76,1150,75,76,0.0436645,77
1149,576,1151,575,576,0.0436645,77
1150,77,1152,76,77,0.0438483,78
1151,577,1153,576,577,0.0438483,78
1153,578,1154,577,578,0.0440344,79
1152,78,1155,77,78,0.0440344,79
1155,79,1156,78,79,0.0442139,80
1154,579,1157,578,579,0.0442139,80
1157,580,1158,579,580,0.0444015,81
1156,80,1159,79,80,0.0444015,81
1158,581,1160,580,581,0.0445851,82
1159,81,1161,80,81,0.0445851,82
1160,582,1162,581,582,0.0447663,83
1161,82,1163,81,82,0.0447663,83
1162,583,1164,582,583,0.0449492,84
1163,83,1165,82,83,0.0449492,84
1164,584,1166,583,584,0.0451373,85
1165,84,1167,83,84,0.0451373,85
1167,85,1168,84,85,0.0453168,86
1166,585,1169,584,585,0.0453168,86
1169,586,1170,585,586,0.0455033,87
1168,86,1171,85,86,0.0455033,87
1170,587,1172,586,587,0.0456852,88
1171,87,1173,86,87,0.0456852,88
1172,588,1174,587,588,0.0458712,89
1173,88,1175,87,88,0.0458712,89
1175,89,1176,88,89,0.0460543,90
1174,589,1177,588,589,0.0460543,90
1176,90,1178,89,90,0.0462385,91
1177,590,1179,589,590,0.0462385,91
1179,591,1180,590,591,0.0464218,92
1178,91,1181,90,91,0.0464218,92
1180,592,1182,591,592,0.0466063,93
1181,92,1183,91,92,0.0466063,93
1183,93,1184,92,93,0.0467903,94
1182,593,1185,592,593,0.0467903,94
1184,94,1186,93,94,0.0469744,95
1185,594,1187,593,594,0.0469744,95
1186,95,1188,94,95,0.0471592,96
1187,595,1189,594,595,0.0471592,96
1188,96,1190,95,96,0.0473436,97
1189,596,1191,595,596,0.0473436,97
1190,97,1192,96,97,0.0475271,98
1191,597,1193,596,597,0.0475271,98
1192,98,1194,97,98,0.0477112,99
1193,598,1195,597,598,0.0477112,99
1195,599,1196,598,599,0.047896,100
1194,99,1197,98,99,0.047896,100
1197,100,1198,99,100,0.0480797,101
1196,600,1199,599,600,0.0480797,101
1199,601,1200,600,601,0.0482648,102
1198,101,1201,100,101,0.0482648,102
1200,602,1202,601,602,0.048449,103
1201,102,1203,101,102,0.048449,103
1202,603,1204,602,603,0.0486341,104
1203,103,1205,102,103,0.0486341,104
1204,604,1206,603,604,0.0488171,105
1205,104,1207,103,104,0.0488171,105
1206,605,1208,604,605,0.0490068,106
1207,105,1209,104,105,0.0490068,106
1209,106,1210,105,106,0.0491822,107
1208,606,1211,605,606,0.0491822,107
1210,107,1212,106,107,0.0493718,108
1211,607,1213,606,607,0.0493718,108
1212,108,1214,107,108,0.0495586,109
1213,608,1215,607,608,0.0495586,109
1215,609,1216,608,609,0.0497379,110
1214,109,1217,108,109,0.0497379,110
1217,110,1218,109,110,0.0499267,111
1216,610,1219,609,610,0.0499267,111
1218,111,1220,110,111,0.050109,112
1219,611,1221,610,611,0.050109,112
1220,112,1222,111,112,0.0502949,113
1221,612,1223,611,612,0.0502949,113
1222,113,1224,112,113,0.0504781,114
1223,613,1225,612,613,0.0504781,114
1224,114,1226,113,114,0.0506679,115
1225,614,1227,613,614,0.0506679,115
1226,115,1228,114,115,0.0508492,116
1227,615,1229,614,615,0.0508492,116
1229,616,1230,615,616,0.0510314,117
1228,116,1231,115,116,0.0510314,117
1230,617,1232,616,617,0.0512239,118
1231,117,1233,116,117,0.0512239,118
1233,118,1234,117,118,0.0513998,119
1232,618,1235,617,618,0.0513998,119
1234,119,1236,118,119,0.051591,120
1235,619,1237,618,619,0.051591,120
1236,120,1238,119,120,0.0517661,121
1237,620,1239,619,620,0.0517661,121
1239,621,1240,620,621,0.0519657,122
1238,121,1241,120,121,0.0519657,122
1240,622,1242,621,622,0.0521406,123
1241,122,1243,121,122,0.0521406,123
1242,623,1244,622,623,0.0523267,124
1243,123,1245,122,123,0.0523267,124
1245,124,1246,123,124,0.0525157,125
1244,624,1247,623,624,0.0525157,125
1246,125,1248,124,125,0.0526995,126
1247,625,1249,624,625,0.0526995,126
1248,126,1250,125,126,0.0528841,127
1249,626,1251,625,626,0.0528841,127
1251,627,1252,626,627,0.0530721,128
1250,127,1253,126,127,0.0530721,128
1252,628,1254,627,628,0.053256,129
1253,128,1255,127,128,0.053256,129
1254,629,1256,628,629,0.0534322,130
1255,129,1257,128,129,0.0534322,130
1256,630,1258,629,630,0.0536271,131
1257,130,1259,129,130,0.0536271,131
1258,631,1260,630,631,0.0538129,132
1259,131,1261,130,131,0.0538129,132
1260,632,1262,631,632,0.053991,133
1261,132,1263,131,132,0.053991,133
1262,633,1264,632,633,0.0541821,134
1263,133,1265,132,133,0.0541821,134
1264,634,1266,633,634,0.0543579,135
1265,134,1267,133,134,0.0543579,135
1266,635,1268,634,635,0.0545541,136
1267,135,1269,134,135,0.0545541,136
1268,636,1270,635,636,0.0547356,137
1269,136,1271,135,136,0.0547356,137
1270,637,1272,636,637,0.0549237,138
1271,137,1273,136,137,0.0549237,138
1273,138,1274,137,138,0.0551049,139
1272,638,1275,637,638,0.0551049,139
1274,139,1276,138,139,0.0552938,140
1275,639,1277,638,639,0.0552938,140
1276,140,1278,139,140,0.0554733,141
1277,640,1279,639,640,0.0554733,141
1278,141,1280,140,141,0.0556635,142
1279,641,1281,640,641,0.0556635,142
1280,142,1282,141,142,0.0558514,143
1281,642,1283,641,642,0.0558514,143
1282,143,1284,142,143,0.0560281,144
1283,643,1285,642,643,0.0560281,144
1284,144,1286,143,144,0.0562261,145
1285,644,1287,643,644,0.0562261,145
1287,645,1288,644,645,0.056401,146
1286,145,1289,144,145,0.056401,146
1288,646,1290,645,646,0.0565887,147
1289,146,1291,145,146,0.0565887,147
1290,647,1292,646,647,0.0567757,148
1291,147,1293,146,147,0.0567757,148
1292,648,1294,647,648,0.0569617,149
1293,148,1295,147,148,0.0569617,149
1294,649,1296,648,649,0.0571496,150
1295,149,1297,148,149,0.0571496,150
1296,650,1298,649,650,0.0573317,151
1297,150,1299,149,150,0.0573317,151
1298,651,1300,650,651,0.0575161,152
1299,151,1301,150,151,0.0575161,152
1300,652,1302,651,652,0.0577034,153
1301,152,1303,151,152,0.0577034,153
1302,653,1304,652,653,0.0578893,154
1303,153,1305,152,153,0.0578893,154
1304,654,1306,653,654,0.0580762,155
1305,154,1307,153,154,0.0580762,155
1307,155,1308,154,155,0.0582622,156
1306,655,1309,654,655,0.0582622,156
1308,156,1310,155,156,0.0584459,157
1309,656,1311,655,656,0.0584459,157
1311,657,1312,656,657,0.0586321,158
1310,157,1313,156,157,0.0586321,158
1312,658,1314,657,658,0.0588165,159
1313,158,1315,157,158,0.0588165,159
1314,659,1316,658,659,0.0590042,160
1315,159,1317,158,159,0.0590042,160
1316,660,1318,659,660,0.0591904,161
1317,160,1319,159,160,0.0591904,161
1318,661,1320,660,661,0.0593748,162
1319,161,1321,160,161,0.0593748,162
1320,662,1322,661,662,0.0595606,163
1321,162,1323,161,162,0.0595606,163
1322,663,1324,662,663,0.0597468,164
1323,163,1325,162,163,0.0597468,164
1324,664,1326,663,664,0.0599313,165
1325,164,1327,163,164,0.0599313,165
1326,665,1328,664,665,0.0601199,166
1327,165,1329,164,165,0.0601199,166
1328,666,1330,665,666,0.0603032,167
1329,166,1331,165,166,0.0603032,167
1330,667,1332,666,667,0.0604914,168
1331,167,1333,166,167,0.0604914,168
1332,668,1334,667,668,0.0606762,169
1333,168,1335,167,168,0.0606762,169
1334,669,1336,668,669,0.0608615,170
1335,169,1337,168,169,0.0608615,170
1336,670,1338,669,670,0.0610485,171
1337,170,1339,169,170,0.0610485,171
1338,671,1340,670,671,0.0612335,172
1339,171,1341,170,171,0.0612335,172
1340,672,1342,671,672,0.0614197,173
1341,172,1343,171,172,0.0614197,173
1342,673,1344,672,673,0.0616058,174
1343,173,1345,172,173,0.0616058,174
1344,674,1346,673,674,0.0617924,175
1345,174,1347,173,174,0.0617924,175
1347,175,1348,174,175,0.0619774,176
1346,675,1349,674,675,0.0619774,176
1348,176,1350,175,176,0.0621638,177
1349,676,1351,675,676,0.0621638,177
1350,177,1352,176,177,0.0623503,178
1351,677,1353,676,677,0.0623503,178
1353,678,1354,677,678,0.0625356,179
1352,178,1355,177,178,0.0625356,179
1354,679,1356,678,679,0.0627225,180
1355,179,1357,178,179,0.0627225,180
1357,180,1358,179,180,0.0629088,181
1356,680,1359,679,680,0.0629088,181
1358,181,1360,180,181,0.0630934,182
1359,681,1361,680,681,0.0630934,182
1361,682,1362,681,682,0.0632809,183
1360,182,1363,181,182,0.0632809,183
1362,683,1364,682,683,0.0634689,184
1363,183,1365,182,183,0.0634689,184
1364,684,1366,683,684,0.0636481,185
1365,184,1367,183,184,0.0636481,185
1367,185,1368,184,185,0.0638389,186
1366,685,1369,684,685,0.0638389,186
1369,686,1370,685,686,0.0640221,187
1368,186,1371,185,186,0.0640221,187
1370,687,1372,686,687,0.0642136,188
1371,187,1373,186,187,0.0642136,188
1372,688,1374,687,688,0.0643978,189
1373,188,1375,187,188,0.0643978,189
1375,189,1376,188,189,0.0645864,190
1374,689,1377,688,689,0.0645864,190
1377,690,1378,689,690,0.0647699,191
1376,190,1379,189,190,0.0647699,191
1379,191,1380,190,191,0.0649582,192
1378,691,1381,690,691,0.0649582,192
1381,692,1382,691,692,0.0651354,193
1380,192,1383,191,192,0.0651354,193
1382,693,1384,692,693,0.0653371,194
1383,193,1385,192,193,0.0653371,194
1385,194,1386,193,194,0.0655092,195
1384,694,1387,693,694,0.0655092,195
1387,695,1388,694,695,0.0656996,196
1386,195,1389,194,195,0.0656996,196
1389,196,1390,195,196,0.0658866,197
1388,696,1391,695,696,0.0658866,197
1391,697,1392,696,697,0.0660757,198
1390,197,1393,196,197,0.0660757,198
1392,698,1394,697,698,0.0662659,199
1393,198,1395,197,198,0.0662659,199
1394,699,1396,698,699,0.0664452,200
1395,199,1397,198,199,0.0664452,200
1396,700,1398,699,700,0.066631,201
1397,200,1399,199,200,0.066631,201
1398,701,1400,700,701,0.0668149,202
1399,201,1401,200,201,0.0668149,202
1401,202,1402,201,202,0.06701,203
1400,702,1403,701,702,0.06701,203
1402,203,1404,202,203,0.0671863,204
1403,703,1405,702,703,0.0671863,204
1404,204,1406,203,204,0.0673826,205
1405,704,1407,703,704,0.0673826,205
1406,205,1408,204,205,0.0675698,206
1407,705,1409,704,705,0.0675698,206
1408,206,1410,205,206,0.0677406,207
1409,706,1411,705,706,0.0677406,207
1411,707,1412,706,707,0.0679474,208
1410,207,1413,206,207,0.0679474,208
1412,708,1414,707,708,0.0681213,209
1413,208,1415,207,208,0.0681213,209
1415,209,1416,208,209,0.0683101,210
1414,709,1417,708,709,0.0683101,210
1416,210,1418,209,210,0.0684982,211
1417,710,1419,709,710,0.0684982,211
1419,711,1420,710,711,0.0686862,212
1418,211,1421,210,211,0.0686862,212
1421,212,1422,211,212,0.0688654,213
1420,712,1423,711,712,0.0688654,213
1423,713,1424,712,713,0.0690546,214
1422,213,1425,212,213,0.0690546,214
1424,714,1426,713,714,0.0692402,215
1425,214,1427,213,214,0.0692402,215
1426,715,1428,714,715,0.0694374,216
1427,215,1429,214,215,0.0694374,216
1429,216,1430,215,216,0.0696175,217
1428,716,1431,715,716,0.0696175,217
1431,717,1432,716,717,0.0698022,218
1430,217,1433,216,217,0.0698022,218
1432,718,1434,717,718,0.0699843,219
1433,218,1435,217,218,0.0699843,219
1434,719,1436,718,719,0.0701786,220
1435,219,1437,218,219,0.0701786,220
1436,720,1438,719,720,0.0703566,221
1437,220,1439,219,220,0.0703566,221
1439,221,1440,220,221,0.0705539,222
1438,721,1441,720,721,0.0705539,222
1441,722,1442,721,722,0.0707349,223
1440,222,1443,221,222,0.0707349,223
1443,223,1444,222,223,0.0709234,224
1442,723,1445,722,723,0.0709234,224
1445,724,1446,723,724,0.0711083,225
1444,224,1447,223,224,0.0711083,225
1446,725,1448,724,725,0.0712936,226
1447,225,1449,224,225,0.0712936,226
1448,726,1450,725,726,0.0714748,227
1449,226,1451,225,226,0.0714748,227
1450,727,1452,726,727,0.0716793,228
1451,227,1453,226,227,0.0716793,228
1453,228,1454,227,228,0.0718465,229
1452,728,1455,727,728,0.0718465,229
1455,729,1456,728,729,0.0720489,230
1454,229,1457,228,229,0.0720489,230
1456,730,1458,729,730,0.072228,231
1457,230,1459,229,230,0.072228,231
1458,731,1460,730,731,0.0724113,232
1459,231,1461,230,231,0.0724113,232
1461,232,1462,231,232,0.0726021,233
1460,732,1463,731,732,0.0726021,233
1463,733,1464,732,733,0.0727891,234
1462,233,1465,232,233,0.0727891,234
1464,734,1466,733,734,0.0729758,235
1465,234,1467,233,234,0.0729758,235
1467,235,1468,234,235,0.0731581,236
1466,735,1469,734,735,0.0731581,236
1469,736,1470,735,736,0.0733501,237
1468,236,1471,235,236,0.0733501,237
1470,737,1472,736,737,0.0735384,238
1471,237,1473,236,237,0.0735384,238
1473,238,1474,237,238,0.0737202,239
1472,738,1475,737,738,0.0737202,239
1474,239,1476,238,239,0.0739106,240
1475,739,1477,738,739,0.0739106,240
1476,240,1478,239,240,0.0740961,241
1477,740,1479,739,740,0.0740961,241
1478,241,1480,240,241,0.0742822,242
1479,741,1481,740,741,0.0742822,242
1481,742,1482,741,742,0.0744685,243
1480,242,1483,241,242,0.0744685,243
1482,743,1484,742,743,0.0746573,244
1483,243,1485,242,243,0.0746573,244
1485,244,1486,243,244,0.0748432,245
1484,744,1487,743,744,0.0748432,245
1487,745,1488,744,745,0.0750291,246
1486,245,1489,244,245,0.0750291,246
1489,246,1490,245,246,0.075217,247
1488,746,1491,745,746,0.075217,247
1491,747,1492,746,747,0.0754018,248
1490,247,1493,246,247,0.0754018,248
1492,748,1494,747,748,0.0755909,249
1493,248,1495,247,248,0.0755909,249
1494,749,1496,748,749,0.0757775,250
1495,249,1497,248,249,0.0757775,250
1496,750,1498,749,750,0.0759638,251
1497,250,1499,249,250,0.0759638,251
1499,251,1500,250,251,0.0761508,252
1498,751,1501,750,751,0.0761508,252
1500,252,1502,251,252,0.0763377,253
1501,752,1503,751,752,0.0763377,253
1502,253,1504,252,253,0.0765248,254
1503,753,1505,752,753,0.0765248,254
1504,254,1506,253,254,0.0767105,255
1505,754,1507,753,754,0.0767105,255
1506,255,1508,254,255,0.0768991,256
1507,755,1509,754,755,0.0768991,256
1508,256,1510,255,256,0.0770847,257
1509,756,1511,755,756,0.0770847,257
1510,257,1512,256,257,0.077272,258
1511,757,1513,756,757,0.077272,258
1512,258,1514,257,258,0.0774585,259
1513,758,1515,757,758,0.0774585,259
1514,259,1516,258,259,0.0776464,260
1515,759,1517,758,759,0.0776464,260
1517,760,1518,759,760,0.0778323,261
1516,260,1519,259,260,0.0778323,261
1519,261,1520,260,261,0.0780198,262
1518,761,1521,760,761,0.0780198,262
1521,762,1522,761,762,0.0782078,263
1520,262,1523,261,262,0.0782078,263
1523,263,1524,262,263,0.0783886,264
1522,763,1525,762,763,0.0783886,264
1524,264,1526,263,264,0.0785812,265
1525,764,1527,763,764,0.0785812,265
1526,265,1528,264,265,0.0787681,266
1527,765,1529,764,765,0.0787681,266
1529,766,1530,765,766,0.0789543,267
1528,266,1531,265,266,0.0789543,267
1530,767,1532,766,767,0.0791415,268
1531,267,1533,266,267,0.0791415,268
1533,268,1534,267,268,0.0793363,269
1532,768,1535,767,768,0.0793363,269
1535,769,1536,768,769,0.0795132,270
1534,269,1537,268,269,0.0795132,270
1536,770,1538,769,770,0.0796976,271
1537,270,1539,269,270,0.0796976,271
1538,771,1540,770,771,0.0798941,272
1539,271,1541,270,271,0.0798941,272
1540,772,1542,771,772,0.0800786,273
1541,272,1543,271,272,0.0800786,273
1543,273,1544,272,273,0.0802568,274
1542,773,1545,772,773,0.0802568,274
1545,774,1546,773,774,0.080452,275
1544,274,1547,273,274,0.080452,275
1547,275,1548,274,275,0.0806386,276
1546,775,1549,774,775,0.0806386,276
1548,276,1550,275,276,0.0808265,277
1549,776,1551,775,776,0.0808265,277
1550,277,1552,276,277,0.0810124,278
1551,777,1553,776,777,0.0810124,278
1552,278,1554,277,278,0.0812,279
1553,778,1555,777,778,0.0812,279
1555,779,1556,778,779,0.0813858,280
1554,279,1557,278,279,0.0813858,280
1556,780,1558,779,780,0.0815739,281
1557,280,1559,279,280,0.0815739,281
1558,781,1560,780,781,0.0817514,282
1559,281,1561,280,281,0.0817514,282
1560,782,1562,781,782,0.0819499,283
1561,282,1563,281,282,0.0819499,283
1562,783,1564,782,783,0.0821335,284
1563,283,1565,282,283,0.0821335,284
1565,284,1566,283,284,0.0823255,285
1564,784,1567,783,784,0.0823255,285
1567,785,1568,784,785,0.0825118,286
1566,285,1569,284,285,0.0825118,286
1568,786,1570,785,786,0.0826835,287
1569,286,1571,285,286,0.0826835,287
1571,287,1572,286,287,0.0828874,288
1570,787,1573,786,787,0.0828874,288
1572,288,1574,287,288,0.0830748,289
1573,788,1575,787,788,0.0830748,289
1574,289,1576,288,289,0.0832508,290
1575,789,1577,788,789,0.0832508,290
1577,790,1578,789,790,0.0834491,291
1576,290,1579,289,290,0.0834491,291
1579,291,1580,290,291,0.083628,292
1578,791,1581,790,791,0.083628,292
1580,292,1582,291,292,0.0838214,293
1581,792,1583,791,792,0.0838214,293
1582,293,1584,292,293,0.0840017,294
1583,793,1585,792,793,0.0840017,294
1584,294,1586,293,294,0.0841922,295
1585,794,1587,793,794,0.0841922,295
1586,295,1588,294,295,0.0843752,296
1587,795,1589,794,795,0.0843752,296
1588,296,1590,295,296,0.0845685,297
1589,796,1591,795,796,0.0845685,297
1591,797,1592,796,797,0.0847569,298
1590,297,1593,296,297,0.0847569,298
1592,798,1594,797,798,0.0849404,299
1593,298,1595,297,298,0.0849404,299
1595,299,1596,298,299,0.0851338,300
1594,799,1597,798,799,0.0851338,300
1596,300,1598,299,300,0.0853159,301
1597,800,1599,799,800,0.0853159,301
1599,801,1600,800,801,0.0854941,302
1598,301,1601,300,301,0.0854941,302
1600,802,1602,801,802,0.0856895,303
1601,302,1603,301,302,0.0856895,303
1603,303,1604,302,303,0.0858812,304
1602,803,1605,802,803,0.0858812,304
1604,304,1606,303,304,0.0860634,305
1605,804,1607,803,804,0.0860634,305
1606,305,1608,304,305,0.0862535,306
1607,805,1609,804,805,0.0862535,306
1608,306,1610,305,306,0.0864364,307
1609,806,1611,805,806,0.0864364,307
1610,307,1612,306,307,0.086629,308
1611,807,1613,806,807,0.086629,308
1612,308,1614,307,308,0.0868056,309
1613,808,1615,807,808,0.0868056,309
1614,309,1616,308,309,0.0870057,310
1615,809,1617,808,809,0.0870057,310
1616,310,1618,309,310,0.0871904,311
1617,810,1619,809,810,0.0871904,311
1619,811,1620,810,811,0.0873761,312
1618,311,1621,310,311,0.0873761,312
1621,312,1622,311,312,0.0875557,313
1620,812,1623,811,812,0.0875557,313
1623,813,1624,812,813,0.0877537,314
1622,313,1625,312,313,0.0877537,314
1625,314,1626,313,314,0.087939,315
1624,814,1627,813,814,0.087939,315
1626,315,1628,314,315,0.0881246,316
1627,815,1629,814,815,0.0881246,316
1628,316,1630,315,316,0.0883065,317
1629,816,1631,815,816,0.0883065,317
1630,317,1632,316,317,0.0885032,318
1631,817,1633,816,817,0.0885032,318
1633,818,1634,817,818,0.0886824,319
1632,318,1635,317,318,0.0886824,319
1634,819,1636,818,819,0.0888726,320
1635,319,1637,318,319,0.0888726,320
1636,820,1638,819,820,0.0890637,321
1637,320,1639,319,320,0.0890637,321
1638,821,1640,820,821,0.0892483,322
1639,321,1641,320,321,0.0892483,322
1640,822,1642,821,822,0.0894373,323
1641,322,1643,321,322,0.0894373,323
1643,323,1644,322,323,0.0896182,324
1642,823,1645,822,823,0.0896182,324
1644,324,1646,323,324,0.0898081,325
1645,824,1647,823,824,0.0898081,325
1646,325,1648,324,325,0.089998,326
1647,825,1649,824,825,0.089998,326
1649,826,1650,825,826,0.0901853,327
1648,326,1651,325,326,0.0901853,327
1651,327,1652,326,327,0.0903715,328
1650,827,1653,826,827,0.0903715,328
1652,328,1654,327,328,0.0905595,329
1653,828,1655,827,828,0.0905595,329
1655,829,1656,828,829,0.0907457,330
1654,329,1657,328,329,0.0907457,330
1657,330,1658,329,330,0.0909345,331
1656,830,1659,829,830,0.0909345,331
1659,831,1660,830,831,0.0911203,332
1658,331,1661,330,331,0.0911203,332
1660,832,1662,831,832,0.091309,333
1661,332,1663,331,332,0.091309,333
1662,833,1664,832,833,0.0914945,334
1663,333,1665,332,333,0.0914945,334
1665,334,1666,333,334,0.0916847,335
1664,834,1667,833,834,0.0916847,335
1666,335,1668,334,335,0.0918701,336
1667,835,1669,834,835,0.0918701,336
1668,336,1670,335,336,0.0920574,337
1669,836,1671,835,836,0.0920574,337
1671,837,1672,836,837,0.0922453,338
1670,337,1673,336,337,0.0922453,338
1673,338,1674,337,338,0.0924332,339
1672,838,1675,837,838,0.0924332,339
1675,839,1676,838,839,0.0926204,340
1674,339,1677,338,339,0.0926204,340
1677,340,1678,339,340,0.0928072,341
1676,840,1679,839,840,0.0928072,341
1679,841,1680,840,841,0.0929947,342
1678,341,1681,340,341,0.0929947,342
1680,842,1682,841,842,0.0931827,343
1681,342,1683,341,342,0.0931827,343
1683,343,1684,342,343,0.0933691,344
1682,843,1685,842,843,0.0933691,344
1684,344,1686,343,344,0.0935571,345
1685,844,1687,843,844,0.0935571,345
1686,345,1688,344,345,0.0937452,346
1687,845,1689,844,845,0.0937452,346
1688,346,1690,345,346,0.0939366,347
1689,846,1691,845,846,0.0939366,347
1690,347,1692,346,347,0.0941131,348
1691,847,1693,846,847,0.0941131,348
1692,348,1694,347,348,0.0943067,349
1693,848,1695,847,848,0.0943067,349
1694,349,1696,348,349,0.0944953,350
1695,849,1697,848,849,0.0944953,350
1697,850,1698,849,850,0.0946771,351
1696,350,1699,349,350,0.0946771,351
1698,851,1700,850,851,0.0948735,352
1699,351,1701,350,351,0.0948735,352
1700,852,1702,851,852,0.0950599,353
1701,352,1703,351,352,0.0950599,353
1702,853,1704,852,853,0.0952447,354
1703,353,1705,352,353,0.0952447,354
1705,354,1706,353,354,0.0954303,355
1704,854,1707,853,854,0.0954303,355
1706,355,1708,354,355,0.0956192,356
1707,855,1709,854,855,0.0956192,356
1708,356,1710,355,356,0.0958015,357
1709,856,1711,855,856,0.0958015,357
1711,857,1712,856,857,0.0959932,358
1710,357,1713,356,357,0.0959932,358
1713,358,1714,357,358,0.0961882,359
1712,858,1715,857,858,0.0961882,359
1715,859,1716,858,859,0.0963641,360
1714,359,1717,358,359,0.0963641,360
1717,360,1718,359,360,0.0965544,361
1716,860,1719,859,860,0.0965544,361
1718,361,1720,360,361,0.0967498,362
1719,861,1721,860,861,0.0967498,362
1720,362,1722,361,362,0.0969251,363
1721,862,1723,861,862,0.0969251,363
1723,863,1724,862,863,0.0971175,364
1722,363,1725,362,363,0.0971175,364
1724,864,1726,863,864,0.0973139,365
1725,364,1727,363,364,0.0973139,365
1726,865,1728,864,865,0.0974919,366
1727,365,1729,364,365,0.0974919,366
1728,866,1730,865,866,0.0976828,367
1729,366,1731,365,366,0.0976828,367
1730,867,1732,866,867,0.0978653,368
1731,367,1733,366,367,0.0978653,368
1733,368,1734,367,368,0.0980561,369
1732,868,1735,867,868,0.0980561,369
1734,369,1736,368,369,0.098243,370
1735,869,1737,868,869,0.098243,370
1736,370,1738,369,370,0.0984264,371
1737,870,1739,869,870,0.0984264,371
1738,371,1740,370,371,0.0986178,372
1739,871,1741,870,871,0.0986178,372
1740,372,1742,371,372,0.0988119,373
1741,872,1743,871,872,0.0988119,373
1742,373,1744,372,373,0.0989941,374
1743,873,1745,872,873,0.0989941,374
1745,874,1746,873,874,0.099178,375
1744,374,1747,373,374,0.099178,375
1746,875,1748,874,875,0.0993718,376
1747,375,1749,374,375,0.0993718,376
1748,876,1750,875,876,0.0995577,377
1749,376,1751,375,376,0.0995577,377
1751,377,1752,376,377,0.099749,378
1750,877,1753,876,877,0.099749,378
1753,878,1754,877,878,0.0999277,379
1752,378,1755,377,378,0.0999277,379
1754,879,1756,878,879,0.100114,380
1755,379,1757,378,379,0.100114,380
1756,880,1758,879,880,0.100307,381
1757,380,1759,379,380,0.100307,381
1759,381,1760,380,381,0.100502,382
1758,881,1761,880,881,0.100502,382
1760,382,1762,381,382,0.100676,383
1761,882,1763,881,882,0.100676,383
1763,883,1764,882,883,0.100866,384
1762,383,1765,382,383,0.100866,384
1764,884,1766,883,884,0.101057,385
1765,384,1767,383,384,0.101057,385
1766,885,1768,884,885,0.101243,386
1767,385,1769,384,385,0.101243,386
1769,386,1770,385,386,0.101438,387
1768,886,1771,885,886,0.101438,387
1771,887,1772,886,887,0.101613,388
1770,387,1773,386,387,0.101613,388
1772,888,1774,887,888,0.101813,389
1773,388,1775,387,388,0.101813,389
1775,389,1776,388,389,0.10199,390
1774,889,1777,888,889,0.10199,390
1777,890,1778,889,890,0.102187,391
1776,390,1779,389,390,0.102187,391
1779,391,1780,390,391,0.102365,392
1778,891,1781,890,891,0.102365,392
1780,392,1782,391,392,0.102558,393
1781,892,1783,891,892,0.102558,393
1783,893,1784,892,893,0.102746,394
1782,393,1785,392,393,0.102746,394
1784,894,1786,893,894,0.102939,395
1785,394,1787,393,394,0.102939,395
1787,395,1788,394,395,0.103111,396
1786,895,1789,894,895,0.103111,396
1789,896,1790,895,896,0.103315,397
1788,396,1791,395,396,0.103315,397
1791,397,1792,396,397,0.10349,398
1790,897,1793,896,897,0.10349,398
1793,898,1794,897,898,0.103688,399
1792,398,1795,397,398,0.103688,399
1795,399,1796,398,399,0.103866,400
1794,899,1797,898,899,0.103866,400
1796,400,1798,399,400,0.104064,401
1797,900,1799,899,900,0.104064,401
1799,901,1800,900,901,0.104241,402
1798,401,1801,400,401,0.104241,402
1800,902,1802,901,902,0.104439,403
1801,402,1803,401,402,0.104439,403
1802,903,1804,902,903,0.10462,404
1803,403,1805,402,403,0.10462,404
1804,904,1806,903,904,0.104811,405
1805,404,1807,403,404,0.104811,405
1806,905,1808,904,905,0.104998,406
1807,405,1809,404,405,0.104998,406
1808,906,1810,905,906,0.105175,407
1809,406,1811,405,406,0.105175,407
1810,907,1812,906,907,0.105372,408
1811,407,1813,406,407,0.105372,408
1812,908,1814,907,908,0.105564,409
1813,408,1815,407,408,0.105564,409
1814,909,1816,908,909,0.105746,410
1815,409,1817,408,409,0.105746,410
1817,410,1818,409,410,0.105934,411
1816,910,1819,909,910,0.105934,411
1818,411,1820,410,411,0.106123,412
1819,911,1821,910,911,0.106123,412
1820,412,1822,411,412,0.10631,413
1821,912,1823,911,912,0.10631,413
1822,413,1824,412,413,0.106498,414
1823,913,1825,912,913,0.106498,414
1824,414,1826,413,414,0.106686,415
1825,914,1827,913,914,0.106686,415
1826,415,1828,414,415,0.106872,416
1827,915,1829,914,915,0.106872,416
1828,416,1830,415,416,0.107061,417
1829,916,1831,915,916,0.107061,417
1830,417,1832,416,417,0.107249,418
1831,917,1833,916,917,0.107249,418
1833,918,1834,917,918,0.107437,419
1832,418,1835,417,418,0.107437,419
1835,419,1836,418,419,0.107624,420
1834,919,1837,918,919,0.107624,420
1837,920,1838,919,920,0.107811,421
1836,420,1839,419,420,0.107811,421
1838,921,1840,920,921,0.107999,422
1839,421,1841,420,421,0.107999,422
1841,422,1842,421,422,0.108187,423
1840,922,1843,921,922,0.108187,423
1843,923,1844,922,923,0.108375,424
1842,423,1845,422,423,0.108375,424
1845,424,1846,423,424,0.108562,425
1844,924,1847,923,924,0.108562,425
1846,425,1848,424,425,0.10875,426
1847,925,1849,924,925,0.10875,426
1848,426,1850,425,426,0.108935,427
1849,926,1851,925,926,0.108935,427
1850,427,1852,426,427,0.109128,428
1851,927,1853,926,927,0.109128,428
1853,928,1854,927,928,0.109312,429
1852,428,1855,427,428,0.109312,429
1855,429,1856,428,429,0.109497,430
1854,929,1857,928,929,0.109497,430
1856,430,1858,429,430,0.109692,431
1857,930,1859,929,930,0.109692,431
1859,931,1860,930,931,0.109877,432
1858,431,1861,430,431,0.109877,432
1860,932,1862,931,932,0.110061,433
1861,432,1863,431,432,0.110061,433
1862,933,1864,932,933,0.110258,434
1863,433,1865,432,433,0.110258,434
1865,434,1866,433,434,0.110435,435
1864,934,1867,933,934,0.110435,435
1866,435,1868,434,435,0.11063,436
1867,935,1869,934,935,0.11063,436
1869,936,1870,935,936,0.110807,437
1868,436,1871,435,436,0.110807,437
1871,437,1872,436,437,0.111007,438
1870,937,1873,936,937,0.111007,438
1873,938,1874,937,938,0.111193,439
1872,438,1875,437,438,0.111193,439
1874,939,1876,938,939,0.111372,440
1875,439,1877,438,439,0.111372,440
1876,940,1878,939,940,0.111569,441
1877,440,1879,439,440,0.111569,441
1879,441,1880,440,441,0.11175,442
1878,941,1881,940,941,0.11175,442
1881,942,1882,941,942,0.111939,443
1880,442,1883,441,442,0.111939,443
1883,443,1884,442,443,0.112128,444
1882,943,1885,942,943,0.112128,444
1885,944,1886,943,944,0.112321,445
1884,444,1887,443,444,0.112321,445
1886,945,1888,944,945,0.112505,446
1887,445,1889,444,445,0.112505,446
1889,446,1890,445,446,0.112689,447
1888,946,1891,945,946,0.112689,447
1890,447,1892,446,447,0.112878,448
1891,947,1893,946,947,0.112878,448
1892,448,1894,447,448,0.113076,449
1893,948,1895,947,948,0.113076,449
1895,949,1896,948,949,0.113253,450
1894,449,1897,448,449,0.113253,450
1896,950,1898,949,950,0.11344,451
1897,450,1899,449,450,0.11344,451
1898,951,1900,950,951,0.113636,452
1899,451,1901,450,451,0.113636,452
1900,952,1902,951,952,0.113807,453
1901,452,1903,451,452,0.113807,453
1903,453,1904,452,453,0.114016,454
1902,953,1905,952,953,0.114016,454
1905,954,1906,953,954,0.114194,455
1904,454,1907,453,454,0.114194,455
1906,955,1908,954,955,0.114382,456
1907,455,1909,454,455,0.114382,456
1908,956,1910,955,956,0.114568,457
1909,456,1911,455,456,0.114568,457
1911,457,1912,456,457,0.114757,458
1910,957,1913,956,957,0.114757,458
1912,458,1914,457,458,0.11494,459
1913,958,1915,957,958,0.11494,459
1914,459,1916,458,459,0.115132,460
1915,959,1917,958,959,0.115132,460
1917,960,1918,959,960,0.115324,461
1916,460,1919,459,460,0.115324,461
1918,961,1920,960,961,0.115507,462
1919,461,1921,460,461,0.115507,462
1920,962,1922,961,962,0.115703,463
1921,462,1923,461,462,0.115703,463
1923,463,1924,462,463,0.115877,464
1922,963,1925,962,963,0.115877,464
1924,464,1926,463,464,0.116079,465
1925,964,1927,963,964,0.116079,465
1926,465,1928,464,465,0.116252,466
1927,965,1929,964,965,0.116252,466
1928,466,1930,465,466,0.116453,467
1929,966,1931,965,966,0.116453,467
1930,467,1932,466,467,0.116632,468
1931,967,1933,966,967,0.116632,468
1932,468,1934,467,468,0.116825,469
1933,968,1935,967,968,0.116825,469
1934,469,1936,468,469,0.117011,470
1935,969,1937,968,969,0.117011,470
1937,970,1938,969,970,0.117193,471
1936,470,1939,469,470,0.117193,471
1939,471,1940,470,471,0.117386,472
1938,971,1941,970,971,0.117386,472
1941,972,1942,971,972,0.117574,473
1940,472,1943,471,472,0.117574,473
1943,473,1944,472,473,0.117769,474
1942,973,1945,972,973,0.117769,474
1945,974,1946,973,974,0.117952,475
1944,474,1947,473,474,0.117952,475
1946,975,1948,974,975,0.118134,476
1947,475,1949,474,475,0.118134,476
1948,976,1950,975,976,0.118331,477
1949,476,1951,475,476,0.118331,477
1951,477,1952,476,477,0.118507,478
1950,977,1953,976,977,0.118507,478
1952,478,1954,477,478,0.118702,479
1953,978,1955,977,978,0.118702,479
1954,479,1956,478,479,0.118891,480
1955,979,1957,978,979,0.118891,480
1956,480,1958,479,480,0.119078,481
1957,980,1959,979,980,0.119078,481
1958,481,1960,480,481,0.119263,482
1959,981,1961,980,981,0.119263,482
1961,982,1962,981,982,0.11945,483
1960,482,1963,481,482,0.11945,483
1963,483,1964,482,483,0.119646,484
1962,983,1965,982,983,0.119646,484
1965,984,1966,983,984,0.119826,485
1964,484,1967,483,484,0.119826,485
1967,485,1968,484,485,0.120015,486
1966,985,1969,984,985,0.120015,486
1968,486,1970,485,486,0.120205,487
1969,986,1971,985,986,0.120205,487
1971,987,1972,986,987,0.120387,488
1970,487,1973,486,487,0.120387,488
1972,988,1974,987,988,0.120578,489
1973,488,1975,487,488,0.120578,489
1974,989,1976,988,989,0.120772,490
1975,489,1977,488,489,0.120772,490
1977,490,1978,489,490,0.120955,491
1976,990,1979,989,990,0.120955,491
1978,491,1980,490,491,0.121144,492
1979,991,1981,990,991,0.121144,492
1980,492,1982,491,492,0.121328,493
1981,992,1983,991,992,0.121328,493
1982,493,1984,492,493,0.12152,494
1983,993,1985,992,993,0.12152,494
1984,494,1986,493,494,0.121707,495
1985,994,1987,993,994,0.121707,495
1987,995,1988,994,995,0.121893,496
1986,495,1989,494,495,0.121893,496
1988,996,1990,995,996,0.122084,497
1989,496,1991,495,496,0.122084,497
1990,997,1992,996,997,0.12227,498
1991,497,1993,496,497,0.12227,498
1992,998,1994,997,998,0.122459,499
1993,498,1995,497,498,0.122459,499
1995,499,1996,498,499,0.122646,500
1994,999,1997,998,999,0.122646,500
