dataset,k,mode,threads,edge_time,sort_time,kruskal_time,total_time,merges
2spiral.csv,2,seq,1,0.00393696,0.0123716,5.0397e-05,0.0163592,998
2spiral.csv,2,par,1,0.00590752,0.00959116,5.2876e-05,0.0155518,998
2spiral.csv,2,par,2,0.00413523,0.00913901,5.8642e-05,0.0133331,998
2spiral.csv,2,par,4,0.0045877,0.0111194,5.7999e-05,0.0157653,998
2spiral.csv,2,par,8,0.00349681,0.0126542,6.2337e-05,0.0162136,998
3MC.csv,3,seq,1,0.00106113,0.00319895,6.005e-05,0.0043204,397
3MC.csv,3,par,1,0.00131567,0.00331526,5.1917e-05,0.0046831,397
3MC.csv,3,par,2,0.00130139,0.00312072,6.7429e-05,0.00448986,397
3MC.csv,3,par,4,0.00128355,0.0030851,4.9966e-05,0.00441883,397
3MC.csv,3,par,8,0.00132957,0.00263989,5.6855e-05,0.00402662,397
cure-t2-4k.csv,4,seq,1,0.0551862,0.136524,0.00189009,0.193601,4196
cure-t2-4k.csv,4,par,1,0.0576491,0.132517,0.00164285,0.191809,4196
cure-t2-4k.csv,4,par,2,0.045134,0.132924,0.00205067,0.180109,4196
cure-t2-4k.csv,4,par,4,0.0379862,0.141761,0.0018955,0.181643,4196
cure-t2-4k.csv,4,par,8,0.0336201,0.152652,0.00231876,0.188591,4196
banana.csv,2,seq,1,0.0682205,0.136932,0.00198154,0.207134,4809
banana.csv,2,par,1,0.0737601,0.141471,0.00162331,0.216855,4809
banana.csv,2,par,2,0.128026,0.154623,0.00167563,0.284325,4809
banana.csv,2,par,4,0.0522309,0.166898,0.00163993,0.220769,4809
banana.csv,2,par,8,0.0495448,0.165576,0.00181925,0.21694,4809
chainlink.csv,2,seq,1,0.0039396,0.0118384,0.000152309,0.0159305,998
chainlink.csv,2,par,1,0.00493269,0.0165682,0.00013067,0.0216318,998
chainlink.csv,2,par,2,0.00614908,0.0108534,0.000128574,0.0171314,998
chainlink.csv,2,par,4,0.00411618,0.0107497,0.000121639,0.0149877,998
chainlink.csv,2,par,8,0.00492275,0.0131536,0.000324008,0.0184007,998
dataset,k,mode,threads,edge_time,sort_time,kruskal_time,total_time,merges
2spiral.csv,2,seq,1,0.00558803,0.0101289,4.0931e-05,0.0157581,998
2spiral.csv,2,par,1,0.00522685,0.00955202,7.4314e-05,0.0148535,998
2spiral.csv,2,par,2,0.00533916,0.011342,8.2341e-05,0.0167638,998
2spiral.csv,2,par,4,0.00458627,0.00968609,5.3062e-05,0.0143258,998
2spiral.csv,2,par,8,0.00468411,0.010282,4.5408e-05,0.0150117,998
3MC.csv,3,seq,1,0.00123357,0.0037394,4.8616e-05,0.00502186,397
3MC.csv,3,par,1,0.00141069,0.00315562,4.8479e-05,0.00461507,397
3MC.csv,3,par,2,0.00139954,0.00416494,5.3379e-05,0.0056182,397
3MC.csv,3,par,4,0.00177929,0.00290627,5.0836e-05,0.00473671,397
3MC.csv,3,par,8,0.00118754,0.00261287,6.3176e-05,0.00386394,397
cure-t2-4k.csv,4,seq,1,0.0621649,0.125834,0.00259282,0.190592,4196
cure-t2-4k.csv,4,par,1,0.0556955,0.138075,0.00143481,0.195206,4196
cure-t2-4k.csv,4,par,2,0.0464218,0.155528,0.00190784,0.203858,4196
cure-t2-4k.csv,4,par,4,0.039167,0.132106,0.00194955,0.173222,4196
cure-t2-4k.csv,4,par,8,0.0308816,0.123596,0.00187812,0.156356,4196
banana.csv,2,seq,1,0.066938,0.142014,0.00164297,0.210595,4809
banana.csv,2,par,1,0.069888,0.144095,0.00191183,0.215895,4809
banana.csv,2,par,2,0.0656914,0.182566,0.00346326,0.251721,4809
banana.csv,2,par,4,0.0649833,0.166879,0.0020617,0.233924,4809
banana.csv,2,par,8,0.058374,0.155843,0.00172499,0.215942,4809
chainlink.csv,2,seq,1,0.00515032,0.0104256,0.000146562,0.0157226,998
chainlink.csv,2,par,1,0.00344695,0.0100962,0.000136663,0.0136801,998
chainlink.csv,2,par,2,0.00497064,0.0100284,0.000124897,0.0151242,998
chainlink.csv,2,par,4,0.00319062,0.0104272,0.000132281,0.0137504,998
chainlink.csv,2,par,8,0.00337952,0.0100742,0.00010924,0.0135632,998
dataset,k,mode,threads,edge_time,sort_time,kruskal_time,total_time,merges
2spiral.csv,2,seq,1,0.0041921,0.00999942,4.9586e-05,0.0142414,998
2spiral.csv,2,par,1,0.00416521,0.00871495,5.9677e-05,0.0129401,998
2spiral.csv,2,par,2,0.00420201,0.00845953,5.137e-05,0.0127131,998
2spiral.csv,2,par,4,0.00435292,0.00948177,4.8221e-05,0.0138832,998
2spiral.csv,2,par,8,0.00326248,0.00972168,6.4381e-05,0.0130488,998
3MC.csv,3,seq,1,0.000975092,0.00374295,5.6581e-05,0.00477481,397
3MC.csv,3,par,1,0.00135066,0.00214466,4.8415e-05,0.00354399,397
3MC.csv,3,par,2,0.00157137,0.00404065,9.7505e-05,0.00570983,397
3MC.csv,3,par,4,0.00104021,0.00239836,4.9838e-05,0.00348864,397
3MC.csv,3,par,8,0.00108536,0.00229674,4.8581e-05,0.0034309,397
cure-t2-4k.csv,4,seq,1,0.0597582,0.119759,0.00191539,0.181433,4196
cure-t2-4k.csv,4,par,1,0.0539537,0.122627,0.00183229,0.178413,4196
cure-t2-4k.csv,4,par,2,0.0486389,0.13277,0.00210573,0.183515,4196
cure-t2-4k.csv,4,par,4,0.0397478,0.124963,0.00168872,0.1664,4196
cure-t2-4k.csv,4,par,8,0.040445,0.132252,0.00185457,0.174552,4196
banana.csv,2,seq,1,0.0733951,0.137674,0.00181562,0.212885,4809
banana.csv,2,par,1,0.0709629,0.137421,0.00170743,0.210091,4809
banana.csv,2,par,2,0.0665992,0.157245,0.00161967,0.225464,4809
banana.csv,2,par,4,0.0473864,0.145775,0.00175952,0.194921,4809
banana.csv,2,par,8,0.0407938,0.153473,0.00186167,0.196129,4809
chainlink.csv,2,seq,1,0.00380832,0.0102197,0.000130551,0.0141587,998
chainlink.csv,2,par,1,0.00507519,0.0113116,0.000117996,0.0165051,998
chainlink.csv,2,par,2,0.00435161,0.00994044,0.000128566,0.0144208,998
chainlink.csv,2,par,4,0.0034048,0.0105674,0.000120643,0.014093,998
chainlink.csv,2,par,8,0.00330932,0.0099143,0.000144685,0.0133685,998
dataset,k,mode,threads,edge_time,sort_time,kruskal_time,total_time,merges
2spiral.csv,2,seq,1,0.00410814,0.00973588,7.6494e-05,0.0139207,998
2spiral.csv,2,par,1,0.00453019,0.0101558,5.6313e-05,0.0147426,998
2spiral.csv,2,par,2,0.00421941,0.00872296,6.7492e-05,0.0130101,998
2spiral.csv,2,par,4,0.00370675,0.00868706,6.273e-05,0.0124568,998
2spiral.csv,2,par,8,0.00336481,0.00880239,4.6263e-05,0.0122137,998
3MC.csv,3,seq,1,0.00138124,0.0035058,5.3352e-05,0.00494074,397
3MC.csv,3,par,1,0.00126004,0.00261194,4.9945e-05,0.00392217,397
3MC.csv,3,par,2,0.00131689,0.00363741,4.914e-05,0.00500373,397
3MC.csv,3,par,4,0.00115325,0.00241012,4.8379e-05,0.00361201,397
3MC.csv,3,par,8,0.00115012,0.00403546,6.4809e-05,0.00525068,397
cure-t2-4k.csv,4,seq,1,0.0591401,0.124666,0.0019887,0.185795,4196
cure-t2-4k.csv,4,par,1,0.0541019,0.129489,0.00188238,0.185474,4196
cure-t2-4k.csv,4,par,2,0.0508301,0.150008,0.00205231,0.202891,4196
cure-t2-4k.csv,4,par,4,0.042875,0.124229,0.00177737,0.168881,4196
cure-t2-4k.csv,4,par,8,0.0325242,0.119698,0.00190089,0.154123,4196
banana.csv,2,seq,1,0.0752514,0.152726,0.00179937,0.229776,4809
banana.csv,2,par,1,0.0883798,0.134382,0.00159194,0.224354,4809
banana.csv,2,par,2,0.0757093,0.159776,0.0019255,0.23741,4809
banana.csv,2,par,4,0.048594,0.132545,0.00163831,0.182777,4809
banana.csv,2,par,8,0.0415931,0.143328,0.00158562,0.186507,4809
chainlink.csv,2,seq,1,0.00539312,0.0100845,0.000123463,0.0156014,998
chainlink.csv,2,par,1,0.00553598,0.0110785,0.000125876,0.0167406,998
chainlink.csv,2,par,2,0.0043534,0.00981337,0.000145325,0.0143123,998
chainlink.csv,2,par,4,0.00388809,0.0100771,0.000118594,0.014084,998
chainlink.csv,2,par,8,0.00342593,0.0123128,0.000125855,0.0158649,998
dataset,k,mode,threads,edge_time,sort_time,kruskal_time,total_time,merges
2spiral.csv,2,seq,1,0.00420308,0.0099362,4.6333e-05,0.0141858,998
2spiral.csv,2,par,1,0.00556299,0.0102813,7.6125e-05,0.0159207,998
2spiral.csv,2,par,2,0.00400276,0.00934311,4.5702e-05,0.0133918,998
2spiral.csv,2,par,4,0.00347058,0.0100444,6.0139e-05,0.0135753,998
2spiral.csv,2,par,8,0.00320793,0.010019,5.2682e-05,0.0132798,998
3MC.csv,3,seq,1,0.000955049,0.00300253,5.158e-05,0.00400935,397
3MC.csv,3,par,1,0.00103374,0.00376471,7.9138e-05,0.00487784,397
3MC.csv,3,par,2,0.00135198,0.00884306,5.0165e-05,0.0102455,397
3MC.csv,3,par,4,0.00117874,0.00236871,9.0332e-05,0.0036382,397
3MC.csv,3,par,8,0.00127891,0.00332012,5.7169e-05,0.00465649,397
cure-t2-4k.csv,4,seq,1,0.0571532,0.137724,0.0017966,0.196674,4196
cure-t2-4k.csv,4,par,1,0.0587848,0.138765,0.00178831,0.199339,4196
cure-t2-4k.csv,4,par,2,0.0464989,0.149365,0.00165375,0.197517,4196
cure-t2-4k.csv,4,par,4,0.0383907,0.125404,0.00283497,0.16663,4196
cure-t2-4k.csv,4,par,8,0.0353371,0.130874,0.00212576,0.168337,4196
banana.csv,2,seq,1,0.0754589,0.159761,0.0027916,0.238012,4809
banana.csv,2,par,1,0.0785443,0.136944,0.00199106,0.21748,4809
banana.csv,2,par,2,0.0651128,0.165349,0.00452628,0.234989,4809
banana.csv,2,par,4,0.0667514,0.173568,0.0017217,0.242042,4809
banana.csv,2,par,8,0.0421602,0.158235,0.00161383,0.202009,4809
chainlink.csv,2,seq,1,0.00489251,0.0105014,0.000154118,0.0155483,998
chainlink.csv,2,par,1,0.00550279,0.0106069,0.000126358,0.0162363,998
chainlink.csv,2,par,2,0.00462453,0.0107971,0.000129229,0.0155511,998
chainlink.csv,2,par,4,0.00342612,0.010562,0.000164257,0.0141527,998
chainlink.csv,2,par,8,0.00362205,0.00999796,0.000118259,0.0137386,998
